Date;Title;URL
2005-03-04;行政長官董建華在北京為港區人大代表和政協委員舉行的酒會上致辭的全文(三月四日);http://www.info.gov.hk/gia/general/200503/04/03040265.htm
2005-02-15;行政長官董建華在香港禮賓府舉行的新春酒會致辭全文（二月十五日）;http://www.info.gov.hk/gia/general/200502/15/02150212.htm
2005-02-09;署理行政長官曾蔭權在添馬艦廣場主持「2005國泰航空新春國際匯演之夜」啟動儀式的致辭全文（二月九日）;http://www.info.gov.hk/gia/general/200502/09/02090216.htm
2005-02-08;行政長官發表農曆新年賀辭（二月八日）;http://www.info.gov.hk/gia/general/200502/08/0208193.htm
2005-02-02;行政長官董建華出席在香港科技園的飛利浦大厦揭幕儀式的致辭全文（二月二日）;http://www.info.gov.hk/gia/general/200502/02/0202281.htm
2005-01-28;行政長官出席拔萃書院小學部開幕禮致辭全文（一月二十八日）;http://www.info.gov.hk/gia/general/200501/28/0128251.htm
2005-01-25;行政長官「朗豪坊」開幕典禮致辭（一月二十五日）;http://www.info.gov.hk/gia/general/200501/25/0125269.htm
2005-01-22;行政長官董建華在禮賓府設宴款待到訪的加拿大總理保羅．馬丁的晚宴上致辭（一月二十二日）;http://www.info.gov.hk/gia/general/200501/22/0122298.htm
2005-01-21;行政長官董建華在禮賓府款待愛爾蘭總理伯蒂．埃亨的晚宴上致辭全文 (一月二十一日);http://www.info.gov.hk/gia/general/200501/21/0121311.htm
2005-01-17;行政長官董建華在商界午餐會致辭的全文 (一月十七日);http://www.info.gov.hk/gia/general/200501/17/0117234.htm
2005-01-17;行政長官董建華在二○○五「香港˙浙江周」開幕式的致辭全文 (一月十七日);http://www.info.gov.hk/gia/general/200501/17/0117196.htm
2005-01-01;行政長官董建華出席「四海同心送關懷」籌款活動致辭全文 (一月一日);http://www.info.gov.hk/gia/general/200501/01/0101204.htm
2004-12-01;行政長官董建華出席「名牌2004 - 亞洲魅力」論壇的致辭 (十二月一日);http://www.info.gov.hk/gia/general/200412/01/1201236.htm
2004-11-22;署理行政長官曾蔭權在伊利沙伯體育館出席二○○四年撲滅罪行聯席會議的致辭全文(十一月二十二日);http://www.info.gov.hk/gia/general/200411/22/1122090.htm
2004-11-16;署理行政長官曾蔭權在第八屆海峽兩岸及港澳新聞研討會開幕典禮上的致辭全文(十一月六日);http://www.info.gov.hk/gia/general/200411/16/1116209.htm
2004-11-09;行政長官董建華在南華早報百周年酒會致辭的全文學(十一月九日);http://www.info.gov.hk/gia/general/200411/09/1109255.htm
2004-11-07;行政長官董建華出席「你我同心　共建廉政」慈善萬人行的致辭全文（十一月七日）;http://www.info.gov.hk/gia/general/200411/07/1107070.htm
2004-10-12;行政長官董建華在香港禮賓府款待法國總統希拉克的晚宴上的致辭全文(十月十二日);http://www.info.gov.hk/gia/general/200410/12/1012253.htm
2004-10-06;行政長官董建華在「二○○四雅典傷殘人士奧運會中國香港代表隊祝捷酒會」上的致辭全文(十月六日);http://www.info.gov.hk/gia/general/200410/06/1006209.htm
2004-10-01;行政長官董建華在香港會議展覽中心舉行的國慶酒會上致辭的全文;http://www.info.gov.hk/gia/general/200410/01/1001081.htm
2004-09-27;行政長官董建華在銅鑼灣中央圖書館舉行的中國外交55周年圖片展開幕儀式上的致辭全文(九月二十七日);http://www.info.gov.hk/gia/general/200409/27/0927250.htm
2004-09-21;行政長官董建華在福布斯全球行政總裁會議晚宴上致辭的全文;http://www.info.gov.hk/gia/general/200409/21/0921282.htm
2004-09-17;行政長官董建華出席在香港文化中心舉行的「公務員事務局局長嘉許狀」頒發典禮酒會致辭的全文;http://www.info.gov.hk/gia/general/200409/17/0917269.htm
2004-09-10;行政長官董建華出席行政長官卓越教學獎暨表揚教師計劃頒獎典禮的致辭全文;http://www.info.gov.hk/gia/general/200409/10/0910197.htm
2004-09-07;行政長官董建華在香港會議展覽中心舉行的邵逸夫獎頒獎典禮上致辭的全文;http://www.info.gov.hk/gia/general/200409/07/0907243.htm
2004-09-06;行政長官董建華在歡迎國家奧運金牌運動員酒會上的致辭全文;http://www.info.gov.hk/gia/general/200409/06/0906289.htm
2004-09-02;行政長官董建華在禮賓府出席「京港高層會晤暨京港經貿合作會議第一次會議」上致歡迎辭的全文;http://www.info.gov.hk/gia/general/200409/02/0902175.htm
2004-09-02;行政長官董建華在「京港高層會晤暨京港經貿合作會議第一次會議」的總結發言全文;http://www.info.gov.hk/gia/general/200409/02/0902204.htm
2004-09-02;行政長官董建華在香港會議展覽中心舉行的「第八屆北京‧香港經濟合作研討洽談會暨奧運經濟市場推介會」上的致辭全文;http://www.info.gov.hk/gia/general/200409/02/0902112.htm
2004-09-01;行政長官董建華在廣東省博物館新館設計合約簽署儀式上的致辭全文;http://www.info.gov.hk/gia/general/200409/01/0901182.htm
2004-08-31;行政長官董建華出席歡迎香港奧運會代表團返港的儀式時的致辭全文;http://www.info.gov.hk/gia/general/200408/31/0831159.htm
2004-08-31;行政長官董建華在禮賓府出席二○○四雅典傷殘人士奧運會中國香港代表隊出發授旗典禮的致辭全文;http://www.info.gov.hk/gia/general/200408/31/0831219.htm
2004-08-26;行政長官董建華在『世紀偉人－紀念鄧小平誕辰一百周年展覽』揭幕儀式上的致辭全文;http://www.info.gov.hk/gia/general/200408/26/0826257.htm
2004-08-23;行政長官董建華在香港經濟定位高峰會致辭的全文;http://www.info.gov.hk/gia/general/200408/23/0823225.htm
2004-08-20;行政長官董建華出席第五屆世界華人保險大會開幕禮致辭;http://www.info.gov.hk/gia/general/200408/20/0820213.htm
2004-08-04;行政長官董建華在廣州出席粵港合作聯席會議第七次會議的發言全文;http://www.info.gov.hk/gia/general/200408/04/0804140.htm
2004-08-04;行政長官董建華在廣州出席粵港合作聯席會議第七次會議的總結發言(八月四日);http://www.info.gov.hk/gia/general/200408/04/0804182.htm
2004-07-30;行政長官董建華出席二○○四奧運會中國香港代表團授旗儀式的致辭全文;http://www.info.gov.hk/gia/general/200407/30/0730246.htm
2004-07-20;行政長官董建華在香港禮賓府出席同心同根萬里行2004-中國近代史之旅授旗禮致辭全文;http://www.info.gov.hk/gia/general/200407/20/0720155.htm
2004-07-15;行政長官董建華舉行晚宴餞別第二屆立法會議員席上的講話全文;http://www.info.gov.hk/gia/general/200407/15/0715286.htm
2004-07-12;行政長官董建華出席紀念鄧小平誕辰一百周年暨《鄧小平論;http://www.info.gov.hk/gia/general/200407/12/0712228.htm
2004-07-12;行政長官董建華在款待新成立駐港外資企業的酒會上致辭的全文(七月十二日);http://www.info.gov.hk/gia/general/200407/12/0712278.htm
2004-07-06;行政長官董建華在「香港領袖生獎勵計劃：國情教育課程」研習班授旗典禮上的致辭全文;http://www.info.gov.hk/gia/general/200407/06/0706186.htm
2004-07-01;行政長官董建華在慶祝香港回歸七周年酒會上的致辭全文;http://www.info.gov.hk/gia/general/200407/01/0701092.htm
2004-06-21;行政長官出席慶祝香港回歸七周年晚宴講話;http://www.info.gov.hk/gia/general/200406/21/0621275.htm
2004-06-21;行政長官董建華主持「香港賽馬會藥物資訊天地」開幕典禮的致辭全文;http://www.info.gov.hk/gia/general/200406/21/0621171.htm
2004-06-15;行政長官董建華出席《鄧小平》電影首映籌款活動致辭全文;http://www.info.gov.hk/gia/general/200406/15/0615210.htm
2004-06-11;行政長官董建華出席聯合國駐中國機構在香港舉行的研討會致辭的全文(六月十一日);http://www.info.gov.hk/gia/general/200406/11/0611250.htm
2004-06-09;行政長官董建華在駐港領事團的晚宴上致辭的全文(六月九日);http://www.info.gov.hk/gia/general/200406/09/0609318.htm
2004-06-01;行政長官董建華在「泛珠三角」區域合作與發展論壇上的主調發言全文;http://www.info.gov.hk/gia/general/200406/01/0601202.htm
2004-06-01;行政長官董建華在「泛珠三角」區域合作與發展論壇的歡迎詞;http://www.info.gov.hk/gia/general/200406/01/0601100.htm
2004-05-31;行政長官董建華在泛珠三角區域合作與發展論壇代表團歡迎酒會上的致辭全文;http://www.info.gov.hk/gia/general/200405/31/0531235.htm
2004-05-29;行政長官董建華在第二十六屆亞太區口腔會議開幕禮致辭的全文;http://www.info.gov.hk/gia/general/200405/29/0529262.htm
2004-05-28;行政長官在華員會九十周年酒會上致辭;http://www.info.gov.hk/gia/general/200405/28/0528296.htm
2004-05-26;行政長官在「佛指舍利瞻禮祈福大會」開幕儀式上致辭全文;http://www.info.gov.hk/gia/general/200405/26/0525238.htm
2004-05-01;行政長官董建華在解放軍海軍艦艇編隊訪港甲板招待會的致辭全文(五月一日);http://www.info.gov.hk/gia/general/200405/01/0501185.htm
2004-05-01;行政長官董建華在禮賓府出席「五一國際勞動節酒會」的致辭全文(五月一日);http://www.info.gov.hk/gia/general/200405/01/0501167.htm
2004-04-30;行政長官歡迎解放軍海軍艦艇編隊訪港致辭全文;http://www.info.gov.hk/gia/general/200404/30/0430150.htm
2004-04-17;行政長官款待拉脫維亞總統致辭全文;http://www.info.gov.hk/gia/general/200404/17/0417160.htm
2004-04-16;行政長官款待捷克共和國總統致辭全文;http://www.info.gov.hk/gia/general/200404/16/0416178.htm
2004-03-15;行政長官董建華出席紀念《基本法》頒布十四周年座談會的致辭全文;http://www.info.gov.hk/gia/general/200403/15/0315147.htm
2004-03-04;行政長官董建華出席全國人大、政協酒會的致辭全文;http://www.info.gov.hk/gia/general/200403/04/0304238.htm
2004-02-25;行政長官董建華在聯合國可持續發展領袖論壇致辭的全文;http://www.info.gov.hk/gia/general/200402/25/0225243.htm
2004-02-18;行政長官董建華在香港教育學院賽馬會小學開幕禮的致辭全文（二月十八日）;http://www.info.gov.hk/gia/general/200402/18/0218208.htm
2004-02-06;行政長官董建華在民政事務局猴年春茗酒會上的致辭全文（二月六日）;http://www.info.gov.hk/gia/general/200402/06/0206124.htm
2004-02-03;行政長官董建華出席「商界展關懷」嘉許典禮的致辭全文（二月三日）;http://www.info.gov.hk/gia/general/200402/03/0203173.htm
2004-02-02;行政長官國際房屋會議致辭（二月二日）;http://www.info.gov.hk/gia/general/200402/02/0202177.htm
2004-01-28;行政長官董建華新春酒會致辭全文（一月二十八日）;http://www.info.gov.hk/gia/general/200401/28/0128185.htm
2004-01-12;行政長官董建華在香港商界午餐會的演辭全文（一月十二日）;http://www.info.gov.hk/gia/general/200401/12/0112238.htm
2004-01-07;行政長官董建華在立法會席上發表施政報告──《把握發展機遇　推動民本施政》的演辭全文（一月七日）;http://www.info.gov.hk/gia/general/200401/07/0107000.htm
2003-12-20;行政長官董建華主持九廣西鐵啟用典禮的致辭全文（十二月二十日）;http://www.info.gov.hk/gia/general/200312/20/1220107.htm
2003-12-18;行政長官董建華出席「世界信息峰會大獎」頒獎禮的致辭全文（十二月十八日）;http://www.info.gov.hk/gia/general/200312/18/1218266.htm
2003-12-15;行政長官董建華與以色列總統午宴致辭全文(十二月十五日）;http://www.info.gov.hk/gia/general/200312/15/1215210.htm
2003-12-12;行政長官董建華出席香港國際賽事晚宴的致辭全文(十二月十二日）;http://www.info.gov.hk/gia/general/200312/12/1212294.htm
2003-12-10;行政長官董建華出席第十屆香港商業高峰會，發表以「充分利用CEPA提升香港服務中心地位」為題的致辭全文（十二月十日）;http://www.info.gov.hk/gia/general/200312/10/1210293.htm
2003-12-06;行政長官董建華出席香港中文大學四十周年校慶晚宴的致辭全文（十二月六日）;http://www.info.gov.hk/gia/general/200312/06/1206244.htm
2003-12-02;行政長官董建華出席香港科學園創新中心及光電子中心開幕禮的致辭全文（十二月二日）;http://www.info.gov.hk/gia/general/200312/02/1202222.htm
2003-11-28;行政長官在香港醫學專科學院十周年論壇的致辭全文（十一月二十八日）;http://www.info.gov.hk/gia/general/200311/28/1128310.htm
2003-11-12;行政長官董建華於英國倫敦出席香港中英工商協會午宴的致辭全文（十一月十二日）;http://www.info.gov.hk/gia/general/200311/12/1112000.htm
2003-11-12;行政長官董建華於英國倫敦出席香港貿易發展局倫敦周年晚宴的致辭全文（十一月十二日）;http://www.info.gov.hk/gia/general/200311/12/1112001.htm
2003-11-05;行政長官董建華出席《商業周刊》行政總裁論壇的致辭全文;http://www.info.gov.hk/gia/general/200311/05/1105205.htm
2003-11-05;行政長官董建華在禮賓府出席中國首次載人航天飛行代表團的歡送會的發言全文（十一月五日）;http://www.info.gov.hk/gia/general/200311/05/1105130.htm
2003-11-02;行政長官出席博鰲亞洲論壇致辭全文（十一月二日）;http://www.info.gov.hk/gia/general/200311/02/1102000.htm
2003-11-02;署理行政長官曾蔭權出席香港童軍大會操的致辭全文（十一月二日）;http://www.info.gov.hk/gia/general/200311/02/1101105.htm
2003-11-01;署理行政長官曾蔭權出席香港各界歡迎楊利偉一行訪港活動的致辭全文（十一月一日）;http://www.info.gov.hk/gia/general/200311/01/1101102.htm
2003-11-01;行政長官董建華在香港科學館主持中國首次載人航天飛行展覽開幕禮的致辭全文（十一月一日）;http://www.info.gov.hk/gia/general/200311/01/1101072.htm
2003-10-31;行政長官董建華在香港演藝學院出席「上海與香港更緊密經貿合作研討會」的致辭全文（十月三十一日）;http://www.info.gov.hk/gia/general/200310/31/1031154.htm
2003-10-31;行政長官董建華在禮賓府舉行的歡迎「中國首次載人航天飛行代表團」酒會的致辭全文（十月三十一日）;http://www.info.gov.hk/gia/general/200310/31/1031145.htm
2003-10-28;行政長官董建華出席香港科技大學行政人員工商管理碩士課程躋身全球十大慶祝會，發表演辭的全文（十月二十八日）;http://www.info.gov.hk/gia/general/200310/28/1028226.htm
2003-10-27;行政長官董建華在2003年度香港工業獎頒獎典禮致辭全文（十月二十七日）;http://www.info.gov.hk/gia/general/200310/27/1027229.htm
2003-10-08;行政長官董建華在《金融時報》發行亞洲版酒會上致辭的全文（十月八日）;http://www.info.gov.hk/gia/general/200310/08/1008290.htm
2003-10-01;行政長官董建華於香港會議展覽中心舉行的中華人民共和國成立五十四周年國慶酒會上致辭的全文（十月一日）;http://www.info.gov.hk/gia/general/200310/01/1001141.htm
2003-09-24;行政長官董建華會見主要公務員團體及部門協商委員會代表的致辭全文（九月二十四日）;http://www.info.gov.hk/gia/general/200309/24/0924168.htm
2003-09-19;行政長官董建華出席中國銀行（香港）在港島香格里拉酒店舉行的「ＣＥＰＡ：香港經濟轉型的新契機」研討會的致辭全文（九月十九日）;http://www.info.gov.hk/gia/general/200309/19/0919082.htm
2003-09-16;行政長官董建華在香港禮賓府設午宴款待德國總統約翰內斯‧勞的致辭全文（九月十六日）;http://www.info.gov.hk/gia/general/200309/16/0916235.htm
2003-09-16;署理行政長官梁愛詩出席香港衞生服務界慶祝國慶五十四周年聚餐晚會致辭全文（九月十六日）;http://www.info.gov.hk/gia/general/200309/16/0916209.htm
2003-09-08;行政長官董建華出席第七屆中國投資貿易洽談會國際投資論壇，以「加強經貿合作，共創美好未來」為題的致辭全文;http://www.info.gov.hk/gia/general/200309/08/0908139.htm
2003-09-05;行政長官董建華出席香港科技大學納米材料技術研發所揭幕儀式的致辭全文;http://www.info.gov.hk/gia/general/200309/05/0905273.htm
2003-09-05;行政長官董建華在政府總部會見新聞界談《基本法》第二十三條立法的發言全文;http://www.info.gov.hk/gia/general/200309/05/0905150.htm
2003-08-28;行政長官董建華在深圳出席深港西部通道奠基禮的致辭全文（八月二十八日）;http://www.info.gov.hk/gia/general/200308/28/0828122.htm
2003-08-25;行政長官董建華在香港禮賓府設午宴款待羅馬尼亞總統揚‧伊利埃斯庫，發表的的致辭全文（八月二十五日）;http://www.info.gov.hk/gia/general/200308/25/0825285.htm
2003-07-14;行政長官在博鰲亞洲論壇的致辭全文 （七月十四日）;http://www.info.gov.hk/gia/general/200307/14/0714194.htm
2003-07-01;行政長官特區政府周年酒會致辭全文 （七月一日）;http://www.info.gov.hk/gia/general/200307/01/0701085.htm
2003-06-30;行政長官董建華表揚醫護及各界成功克服非典型肺炎聚會的致辭全文(六月三十日);http://www.info.gov.hk/gia/general/200306/30/0630231.htm
2003-06-29;行政長官董建華出席「香港與內地更緊密經貿關係安排」簽署儀式後發表講話的全文(六月二十九日);http://www.info.gov.hk/gia/general/200306/29/0629139.htm
2003-06-28;行政長官董建華出席「點點祝福顯溫情」聚會的致辭全文(六月二十八日);http://www.info.gov.hk/gia/general/200306/28/0628199.htm
2003-06-26;行政長官董建華在立法會答問大會演辭（六月二十六日）;http://www.info.gov.hk/gia/general/200306/26/0626255.htm
2003-06-24;行政長官董建華在招待新成立駐港外資公司酒會上的致辭全文（六月二十四日）;http://www.info.gov.hk/gia/general/200306/24/0624242.htm
2003-06-14;行政長官董建華出席「教育改革進展匯報會」的致辭全文（六月十四日）;http://www.info.gov.hk/gia/general/200306/14/0614107.htm
2003-06-13;行政長官「香港心意傳萬里」明信片發行儀式致辭全文;http://www.info.gov.hk/gia/general/200306/13/0613296.htm
2003-06-13;行政長官董建華出席彩虹行動－抗「非典」音樂晚會開幕儀式的致辭全文（六月十三日）;http://www.info.gov.hk/gia/general/200306/13/0613325.htm
2003-06-07;行政長官董建華出席「經濟再高飛」國際研討會致辭的全文（六月七日）;http://www.info.gov.hk/gia/general/200306/07/0607254.htm
2003-06-05;行政長官董建華出席二零零三年中小企市場推廣日開幕禮致辭的全文（六月五日）;http://www.info.gov.hk/gia/general/200306/05/0605239.htm
2003-05-15;行政長官出席立法會答問大會開埸發言全文 （五月十五日）;http://www.info.gov.hk/gia/general/200305/15/0515141.htm
2003-05-12;行政長官董建華出席「國際護士日」典禮的致辭全文;http://www.info.gov.hk/gia/general/200305/12/0512197.htm
2003-05-08;行政長官出席抗炎醫療物資交接儀式演辭;http://www.info.gov.hk/gia/general/200305/08/0508101.htm
2003-04-20;行政長官董建華出席聖公會基孝中學「健康校園　滅絕肺炎」儀式的致辭全文;http://www.info.gov.hk/gia/general/200304/20/0420164.htm
2003-04-02;行政長官董建華在香港禮賓府設午宴款待到訪的烏克蘭總統列昂尼德‧達尼洛維奇‧庫奇馬的致辭全文;http://www.info.gov.hk/gia/general/200304/02/0402257.htm
2003-03-26;行政長官《青少年持續發展及就業機會》報告書公布會致辭全文（三月二十六日）;http://www.info.gov.hk/gia/general/200303/26/0326225.htm
2003-03-04;行政長官董建華在北京為港區人大代表和政協委員舉行的酒會的致辭全文(三月四日);http://www.info.gov.hk/gia/general/200303/04/0304275.htm
2003-02-07;行政長官董建華在香港禮賓府舉行的政府新春酒會上致辭的全文（二月七日）;http://www.info.gov.hk/gia/general/200302/07/0207217.htm
2003-02-01;行政長官董建華主持「２００３國泰航空國際匯演賀新禧」啟動儀式的演辭全文（二月一日）;http://www.info.gov.hk/gia/general/200302/01/0201135.htm
2003-01-31;行政長官董建華發表的農曆新年賀辭全文（一月三十一日）;http://www.info.gov.hk/gia/general/200301/31/0130223.htm
2003-01-22;行政長官董建華出席廉政公署及國際刑警合辦的「跨域攜手滅貪污」國際反貪會議時發表的開幕辭（一月二十二日）;http://www.info.gov.hk/gia/general/200301/22/0122190.htm
2003-01-21;行政長官董建華為懲教署周年會操擔任檢閱嘉賓的致辭全文（一月二十一日）;http://www.info.gov.hk/gia/general/200301/21/0121168.htm
2003-01-12;行政長官董建華在香港迪士尼樂園動土儀式上致辭的全文;http://www.info.gov.hk/gia/general/200301/12/0112181.htm
2003-01-10;行政長官董建華在多個商會合辦的《施政報告》午餐會上致辭的全文(一月十日);http://www.info.gov.hk/gia/general/200301/10/0110290.htm
2003-01-09;行政長官在珠江三角洲論壇的致辭全文（一月九日）;http://www.info.gov.hk/gia/general/200301/09/0109242.htm
2003-01-08;行政長官董建華在立法會席上發表施政報告──《善用香港優勢　共同振興經濟》的演辭全文（一月八日）;http://www.info.gov.hk/gia/general/200301/08/0108142.htm
2002-12-14;行政長官董建華出席工展會開幕典禮發表的演辭（十二月十四日）;http://www.info.gov.hk/gia/general/200212/14/1214143.htm
2002-12-14;行政長官董建華在「二○○二年撲滅罪行聯席會議」上致開幕辭的全文（十二月十四日）;http://www.info.gov.hk/gia/general/200212/14/1214109.htm
2002-12-13;行政長官董建華出席香港賽馬會香港國際賽事晚宴的致辭全文 （中譯本）（十二月十三日）;http://www.info.gov.hk/gia/general/200212/13/1213295.htm
2002-12-12;行政長官董建華在香港會議展覽中心舉行出席「二零零二年領導論壇」開幕致辭全文 （中譯本）（十二月十二日）;http://www.info.gov.hk/gia/general/200212/12/1212202.htm
2002-12-10;署理行政長官曾蔭權出席香港銀行公會半年晚會致辭的中文譯本全文(十二月十日);http://www.info.gov.hk/gia/general/200212/10/1210266.htm
2002-12-05;行政長官談話全文（十二月五日）;http://www.info.gov.hk/gia/general/200212/05/1205259.htm
2002-12-05;署理行政長官曾蔭權出席香港社會服務聯會舉辦的「商界展關懷」標誌頒贈典禮的致辭全文（十二月五日）;http://www.info.gov.hk/gia/general/200212/05/1205138.htm
2002-12-01;行政長官董建華在國際電聯２００２年亞洲電信展開幕典禮的致辭全文（中譯本）（十二月一日）;http://www.info.gov.hk/gia/general/200212/01/1201217.htm
2002-11-19;行政長官董建華在二○○二年世界會計師大會開幕禮上的致辭全文;http://www.info.gov.hk/gia/general/200211/19/1119131.htm
2002-11-19;行政長官董建華歡迎朱鎔基總理宴會的致辭全文（十一月十九日）;http://www.info.gov.hk/gia/general/200211/19/1119229.htm
2002-11-08;行政長官董建華在東南亞獅子大會上致辭全文的中文譯本;http://www.info.gov.hk/gia/general/200211/08/1108232.htm
2002-10-31;行政長官在渣打銀行上市酒會致辭全文（十月三十一日）;http://www.info.gov.hk/gia/general/200210/31/1031275.htm
2002-10-17;行政長官出席釜山亞運代表團載譽榮歸招待會致辭全文（十月十七日）;http://www.info.gov.hk/gia/general/200210/17/1017207.htm
2002-10-01;行政長官董建華在中華人民共和國成立五十三周年國慶酒會上致辭的全文（十月一日）;http://www.info.gov.hk/gia/general/200210/01/1001156.htm
2002-09-16;行政長官董建華日出席中聯辦酒會致辭全文（九月十六日）;http://www.info.gov.hk/gia/general/200209/16/0916236.htm
2002-09-14;行政長官董建華在青年高峰會議開幕禮的致辭全文（九月十四日）;http://www.info.gov.hk/gia/general/200209/14/0914151.htm
2002-09-13;行政長官董建華在香港設計中心開幕典禮的致辭全文（九月十三日）;http://www.info.gov.hk/gia/general/200209/13/0913258.htm
2002-09-12;行政長官董建華出席國際和平紀念晚會的致辭全文（九月十二日）;http://www.info.gov.hk/gia/general/200209/12/0912280.htm
2002-09-04;行政長官董建華在香港大會堂舉行的「公務員領導才能研討會」上的致辭全文;http://www.info.gov.hk/gia/general/200209/04/ce.htm
2002-08-27;行政長官董建華在「粵港台經濟合作論壇」上的致辭全文（八月二十七日）;http://www.info.gov.hk/gia/general/200208/27/0827152.htm
2002-08-18;行政長官董建華在地鐵將軍澳支綫啓用典禮上的致辭全文（八月十八日）;http://www.info.gov.hk/gia/general/200208/18/0818129.htm
2002-08-06;行政長官董建華於禮賓府出席釜山亞運會香港代表隊授旗儀式的致辭全文（八月六日）;http://www.info.gov.hk/gia/general/200208/06/0806290.htm
2002-07-25;行政長官董建華出席中銀香港(控股);http://www.info.gov.hk/gia/general/200207/25/0725215.htm
2002-07-11;政長官董建華出席招待新成立駐港外資公司酒會的致辭全文（七月十一日）;http://www.info.gov.hk/gia/general/200207/11/ce.htm
2002-07-08;行政長官出席民建聯成立十周年酒會的致辭全文（七月八日）;http://www.info.gov.hk/gia/general/200207/08/0708239.htm
2002-07-08;行政長官董建華出席立法會會議答問大會時的致辭全文（七月八日）;http://www.info.gov.hk/gia/general/200207/08/0708190.htm
2002-07-03;行政長官董建華出席「香港規劃及基建展覽館─香港基建新體驗」展覽會的致辭全文（七月三日）;http://www.info.gov.hk/gia/general/200207/03/0703123.htm
2002-07-01;行政長官董建華在香港會議展覽中心舉行的宣誓就職典禮的致辭全文（七月一日）;http://www.info.gov.hk/gia/general/200207/01/0701075.htm
2002-06-30;行政長官董建華在香港禮賓府設晚宴款待國家主席江澤民的致辭全文（六月三十日）;http://www.info.gov.hk/gia/general/200206/30/0630152.htm
2002-06-27;行政長官董建華出席科學園揭幕典禮的致辭全文（六月二十七日）;http://www.info.gov.hk/gia/general/200206/27/0627265.htm
2002-06-24;行政長官董建華在香港禮賓府舉行記者會的談話全文（六月二十四日）;http://www.info.gov.hk/gia/general/200206/24/0624155.htm
2002-06-24;行政長官董建華於禮賓府公布「問責制」委任名單的聲明（六月二十四日）;http://www.info.gov.hk/gia/general/200206/24/0624124.htm
2002-06-13;行政長官董建華在《世界報業發展論壇》開幕典禮上的致辭全文（六月十三日）;http://www.info.gov.hk/gia/general/200206/13/0613088.htm
2002-06-08;行政長官董建華出席「人口老齡化：機遇和挑戰」研討會的致辭全文（六月八日）;http://www.info.gov.hk/gia/general/200206/08/0608069.htm
2002-06-05;行政長官董建華在英女皇伊利沙伯二世登基金禧紀念酒會上的演辭全文（六月五日）;http://www.info.gov.hk/gia/general/200206/05/0605309.htm
2002-05-24;行政長官董建華出席「中國科學院兩地院士論壇」開幕典禮上的致辭全文（五月二十四日）;http://www.info.gov.hk/gia/general/200205/24/0524090.htm
2002-05-10;"行政長官董建華在二零零二年“半邊天下""—婦女事務研討會開幕禮上的致辭全文的譯本（五月十日）";http://www.info.gov.hk/gia/general/200205/10/0510292.htm
2002-05-08;行政長官董建華傍晚出席「二零零二年最佳機場」慶祝酒會的致辭全文（五月八日）;http://www.info.gov.hk/gia/general/200205/08/0508286.htm
2002-05-03;行政長官董建華在太平洋大律師公會第十二屆年會暨二零零二年會議歡迎酒會上致辭全文的譯文（五月三日）;http://www.info.gov.hk/gia/general/200205/03/0503270.htm
2002-05-01;行政長官董建華於香港禮賓府出席由教育統籌局舉辦的「五一國際勞動節」酒會的致辭全文(五月一日）;http://www.info.gov.hk/gia/general/200205/01/0501152.htm
2002-04-29;行政長官董建華出席香港大學醫學院大樓啟用儀式時的致辭全文(四月二十九日);http://www.info.gov.hk/gia/general/200204/29/0429231.htm
2002-04-26;行政長官董建華出席;http://www.info.gov.hk/gia/general/200204/26/0426108.htm
2002-04-17;行政長官董建華出席立法會介紹第二屆特區政府實施主要官員問責制方案的致辭全文（四月十七日）;http://www.info.gov.hk/gia/general/200204/17/0417136.htm
2002-04-17;行政長官董建華出席立法會介紹主要官員問責制方案的答問全文（四月十七日）;http://www.info.gov.hk/gia/general/200204/17/0417223.htm
2002-04-13;行政長官董建華在博鰲亞洲論壇首屆周年會議全體大會上的致辭全文（四月十三日）;http://www.info.gov.hk/gia/general/200204/13/0413171.htm
2002-04-13;行政長官董建華在海南省博鰲會見傳媒時的談話全文（四月十三日）;http://www.info.gov.hk/gia/general/200204/13/0413190.htm
2002-03-21;行政長官董建華出席香港報業公會二○○一年度最佳新聞寫作和圖片比賽頒獎禮的致辭全文（三月二十一日）;http://www.info.gov.hk/gia/general/200203/21/0321095.htm
2002-03-08;行政長官董建華在教育匯展2002開幕禮上的演辭全文（三月八日）;http://www.info.gov.hk/gia/general/200203/08/0308103.htm
2002-03-07;行政長官董建華離開北京前與傳媒談話的發言全文（三月七日）;http://www.info.gov.hk/gia/general/200203/07/0307195.htm
2002-03-06;行政長官董建華在北京與港區人大代表和政協委員聚會的酒會上的演辭全文（三月六日）;http://www.info.gov.hk/gia/general/200203/06/0306363.htm
2002-03-06;行政長官董建華在北京與傳媒談話的發言全文（三月六日）;http://www.info.gov.hk/gia/general/200203/06/0306336.htm
2002-03-05;署理行政長官曾蔭權在東華三院黃祖棠社會服務大樓開幕典禮上的致辭全文（三月五日）;http://www.info.gov.hk/gia/general/200203/05/0305105.htm
2002-03-04;行政長官董建華抵達北京後向記者發表的談話全文（三月四日）;http://www.info.gov.hk/gia/general/200203/04/0304264.htm
2002-02-26;行政長官董建華出席「社區投資共享基金」簡介及諮詢會議的致辭全文（二月二十六日）;http://www.info.gov.hk/gia/general/200202/26/0226139.htm
2002-02-20;行政長官董建華主持「建設活力香港」;http://www.info.gov.hk/gia/general/200202/20/0220166.htm
2002-02-18;行政長官董建華在香港禮賓府設春節酒會的演辭全文（二月十八日）;http://www.info.gov.hk/gia/general/200202/18/0218237.htm
2002-02-11;行政長官董建華發表的農曆新年賀辭全文（二月十一日）;http://www.info.gov.hk/gia/general/200202/11/0211151.htm
2002-02-07;行政長官董建華出席立法會答問大會的發言全文（二月七日）;http://www.info.gov.hk/gia/general/200202/07/0207219.htm
2002-02-05;行政長官董建華）在「國泰航空萬張機票贈全城」壓軸大獎抽獎儀式上的致辭全文;http://www.info.gov.hk/gia/general/200202/05/0205196.htm
2002-01-31;行政長官董建華款待打擊清洗黑錢財務行動特別組織代表的酒會的;http://www.info.gov.hk/gia/general/200201/31/0131269.htm
2002-01-24;行政長官董建華在工業貿易署的「中小企業支援與諮詢中心」開幕典禮上的致辭全文（一月二十四日）;http://www.info.gov.hk/gia/general/200201/24/0124241.htm
2002-01-10;行政長官董建華款待蒙古總理那木巴爾‧恩赫巴亞爾的午宴上的致辭全文（一月十日）;http://www.info.gov.hk/gia/general/200201/10/0110175.htm
2002-01-10;行政長官董建華就居留權裁判與傳媒的談話全文（一月十日）;http://www.info.gov.hk/gia/general/200201/10/0110187.htm
2002-01-02;行政長官董建華出席亞洲國際都會紀念封設計比賽頒獎禮的致辭全文（一月二日）;http://www.info.gov.hk/gia/general/200201/02/0102135.htm
2001-12-31;行政長官董建華主持「毅力十二愛心跑2001」開幕禮時的致辭全文（十二月三十一日）;http://www.info.gov.hk/gia/general/200112/31/1231092.htm
2001-12-20;署理行政長官曾蔭權在香港樹仁學院三十周年畢業典禮上的致辭全文（十二月二十日）;http://www.info.gov.hk/gia/general/200112/20/1220096.htm
2001-12-19;行政長官董建華抵達北京時發表的談話全文（十二月十九日）;http://www.info.gov.hk/gia/general/200112/19/1219216.htm
2001-12-19;行政長官董建華晚上在北京的談話全文（十二月十九日）;http://www.info.gov.hk/gia/general/200112/19/1219344.htm
2001-12-18;行政長官董建華出席香港大學九十周年校慶之夜的致辭全文（十二月十八日）;http://www.info.gov.hk/gia/general/200112/18/1218273.htm
2001-12-12;行政長官董建華在禮賓府款待南非總統塔博‧姆貝基的午宴上的致辭全文（十二月十二日）;http://www.info.gov.hk/gia/general/200112/12/1212239.htm
2001-12-08;行政長官董建華在「香港獻禮」歡迎酒會上的致辭全文（十二月八日）;http://www.info.gov.hk/gia/general/200112/08/1208165.htm
2001-12-08;行政長官董建華在地方行政二十周年午宴上致辭全文（十二月八日）;http://www.info.gov.hk/gia/general/200112/08/1207207.htm
2001-11-28;行政長官董建華在太平洋經濟合作議會第十四屆全體大會開幕典禮的致辭全文(十一月二十八日);http://www.info.gov.hk/gia/general/200111/28/1128257.htm
2001-11-23;行政長官董建華出席入境事務處成立四十周年紀念會操時的致辭全文（十一月二十三日）;http://www.info.gov.hk/gia/general/200111/23/1123181.htm
2001-11-19;行政長官董建華出席二零零一香港工業獎頒獎典禮致辭全文（十一月十九日）;http://www.info.gov.hk/gia/general/200111/19/1119228.htm
2001-11-13;行政長官董建華出席家長教育計劃開展禮的致辭全文（十一月十三日）;http://www.info.gov.hk/gia/general/200111/13/1113222.htm
2001-11-10;行政長官董建華出席粵港澳打擊濫用及販賣毒品政策研討會議的青年禁毒事務論壇之開幕禮演辭全文（十一月十日）;http://www.info.gov.hk/gia/general/200111/10/1110086.htm
2001-11-08;行政長官董建華在行政長官特設國際顧問委員會會議後舉行記者會的談話全文（十一月八日）;http://www.info.gov.hk/gia/general/200111/08/1108199.htm
2001-11-06;行政長官董建華出席第十二屆世界生產力大會開幕典禮的致辭全文(十一月六日);http://www.info.gov.hk/gia/general/200111/06/1106241.htm
2001-11-05;行政長官董建華出席「創新與科技：經驗分享論壇」的致辭全文(十一月五日);http://www.info.gov.hk/gia/general/200111/05/1105189.htm
2001-10-29;行政長官董建華設官方午宴款待菲律賓總統阿羅約夫人時的致辭全文(十月二十九日);http://www.info.gov.hk/gia/general/200110/29/1029176.htm
2001-10-18;行政長官董建華於上海舉行的亞太區經濟合作組織工商領導人峯會會議上致辭全文（十月十八日）;http://www.info.gov.hk/gia/general/200110/18/1018238.htm
2001-10-17;行政長官董建華啟程往上海出席亞太經合會議前在政府總部會見傳媒時的談話全文(十月十七日);http://www.info.gov.hk/gia/general/200110/17/1017336.htm
2001-10-12;行政長官董建華出席香港商界午餐會致辭全文（十月十二日）;http://www.info.gov.hk/gia/general/200110/12/1012273.htm
2001-10-10;行政長官董建華在施政報告記者會上的發言全文（十月十日）;http://www.info.gov.hk/gia/general/200110/10/1010292.htm
2001-10-10;行政長官董建華在立法會席上發表施政報告──《鞏固實力　投資未來》的演辭全文 (十月十日);http://www.info.gov.hk/gia/general/200110/10/1010131.htm
2001-10-07;行政長官董建華祝賀中國國家隊取得二○○二年世界盃足球賽入圍資格（十月七日）;http://www.info.gov.hk/gia/general/200110/07/1007216.htm
2001-10-01;行政長官董建華出席中華人民共和國成立五十二周年國慶酒會的致辭全文（十月一日）;http://www.info.gov.hk/gia/general/200110/01/1001141.htm
2001-10-01;行政長官董建華巡視灣仔及東區後向傳媒發表的談話全文（十月一日）;http://www.info.gov.hk/gia/general/200110/01/1001189.htm
2001-09-15;行政長官董建華在青年高峰會議結束時的致辭全文（九月十五日）;http://www.info.gov.hk/gia/general/200109/15/0915236.htm
2001-09-15;行政長官董建華出席青年高峰會議開幕禮時的致辭全文（九月十五日）;http://www.info.gov.hk/gia/general/200109/15/0915117.htm
2001-09-13;行政長官董建華出席香港第一屆普通話日開幕禮的致辭全文（九月十三日）;http://www.info.gov.hk/gia/general/200109/13/0913082.htm
2001-07-31;行政長官在祝賀北京成功申辦奧運會酒會上的致辭全文（七月三十一日）;http://www.info.gov.hk/gia/general/200107/31/0731202.htm
2001-07-24;行政長官在香港禮賓府邀請粵港聯席會議粵方官員的晚宴上致辭全文（七月二十四日）;http://www.info.gov.hk/gia/general/200107/24/0724347.htm
2001-07-12;署理行政長官曾蔭權致辭出席優質教育基金舉辦的「傑出學校獎勵計劃頒獎典禮」時的致辭全文（七月十二日）;http://www.info.gov.hk/gia/general/200107/12/0712217.htm
2001-07-06;行政長官出席廣東社團活動致辭（七月六日）;http://www.info.gov.hk/gia/general/200107/06/0706403.htm
2001-06-14;行政長官董建華出席立法會答問大會的發言全文（六月十四日）;http://www.info.gov.hk/gia/general/200106/14/0614118.htm
2001-06-04;行政長官董建華出席世界報業公會年會開幕典禮時的致辭全文（六月四日）;http://www.info.gov.hk/gia/general/200106/04/0604186.htm
2001-06-01;行政長官董建華於國際金融學會周年會議上致辭全文（六月一日）;http://www.info.gov.hk/gia/general/200106/01/0601202.htm
2001-05-17;行政長官董建華在香港日本文化協會午餐會上的致辭全文（五月十七日）;http://www.info.gov.hk/gia/general/200105/17/cespeech.htm
2001-05-16;行政長官董建華在香港中央圖書館開幕典禮上的致辭全文（五月十六日）;http://www.info.gov.hk/gia/general/200105/16/0516086.htm
2001-05-15;行政長官董建華在國際醫院聯盟2001年國際會議開幕儀式上的致辭全文（五月十五日）;http://www.info.gov.hk/gia/general/200105/15/0515239.htm
2001-05-10;行政長官董建華出席香港微軟公司在香港會議展覽中心舉行的酒會上致辭全文（五月十日）;http://www.info.gov.hk/gia/general/200105/10/0510251.htm
2001-05-10;行政長官董建華在香港禮賓府宴請內地部長、省、市、自治區領導宴會上的致辭全文（五月十日）;http://www.info.gov.hk/gia/general/200105/10/0510202.htm
2001-05-10;行政長官董建華於《財富》全球論壇「香港品牌」揭幕儀式致辭全文（五月十日）;http://www.info.gov.hk/gia/general/200105/10/0510211.htm
2001-05-09;行政長官董建華在宴請國家主席江澤民的午宴上致辭全文（五月九日）;http://www.info.gov.hk/gia/general/200105/09/0509140.htm
2001-05-09;行政長官董建華晚上在香港禮賓府設宴款待泰國總理他信時的致辭全文（五月九日）;http://www.info.gov.hk/gia/general/200105/09/0509361.htm
2001-05-08;行政長官董建華於《財富》全球論壇晚宴上介紹國家主席江澤民致辭全文（五月八日）;http://www.info.gov.hk/gia/general/200105/08/0508240.htm
2001-05-01;行政長官董建華在禮賓府出席勞動節酒會的致辭全文（五月一日）;http://www.info.gov.hk/gia/general/200105/01/0501142.htm
2001-04-27;行政長官董建華在政務司司長陳方安生惜別宴上的致辭全文（四月二十七日）;http://www.info.gov.hk/gia/general/200104/27/0427294.htm
2001-04-17;行政長官董建華於香港禮賓府款待新西蘭總理克拉克晚宴上致辭全文（四月十七日）;http://www.info.gov.hk/gia/general/200104/17/0417239.htm
2001-04-11;行政長官董建華在表揚香港電影工作者成就的酒會上致辭全文（四月十一日）;http://www.info.gov.hk/gia/general/200104/11/0411250.htm
2001-04-10;行政長官董建華在「世界自然大」活動揭幕禮上致辭全文（四月十日）;http://www.info.gov.hk/gia/general/200104/10/0410204.htm
2001-04-09;行政長官董建華出席外交部駐港特派員公署舉行的特派員辭行酒會的演辭全文（四月九日）;http://www.info.gov.hk/gia/general/200104/09/0409258.htm
2001-04-04;行政長官董建華參觀北角警署時的致辭全文（只有中文）（四月四日）;http://www.info.gov.hk/gia/general/200104/04/0404149.htm
2001-03-29;行政長官董建華出席公共房屋新紀元—水泉澳建築設計比賽頒獎典禮致辭全文（三月二十九日）;http://www.info.gov.hk/gia/general/200103/29/0329264.htm
2001-03-29;行政長官董建華在東華三院方樹泉社會服務大樓開幕典禮上的演辭全文（三月二十九日）;http://www.info.gov.hk/gia/general/200103/29/0329213.htm
2001-03-22;行政長官董建華在日本東京出席香港駐東京經濟貿易辦事處午餐會時的致辭全文（三月二十二日）;http://www.info.gov.hk/gia/general/200103/22/0322215.htm
2001-03-21;署理行政長官陳方安生就外交部駐香港特區特派員公署馬毓真特派員離任發表的聲明全文（三月二十一日）;http://www.info.gov.hk/gia/general/200103/21/0321127.htm
2001-03-07;行政長官董建華就財政預算案的發言全文（三月七日）;http://www.info.gov.hk/gia/general/200103/07/0307192.htm
2001-03-05;署理行政長官陳方安生在公務員顧客服務獎勵計劃頒獎典禮上的致辭全文（三月五日）;http://www.info.gov.hk/gia/general/200103/05/0305233.htm
2001-02-28;行政長官董建華訪問香港教育學院向學生發表的談話全文(只有中文)（二月二十八日）;http://www.info.gov.hk/gia/general/200102/28/0228260.htm
2001-02-22;行政長官董建華出席香港總商會一百四十周年午餐會的致辭全文（二月二十二日）;http://www.info.gov.hk/gia/general/200102/22/0222258.htm
2001-02-17;行政長官董建華在加拿大國家隊午餐會致辭全文（二月十七日）;http://www.info.gov.hk/gia/general/200102/17/0217167.htm
2001-02-16;董建華行政長官於香港禮賓府款待加拿大國家隊官式晚宴上的致辭全文（二月十六日）;http://www.info.gov.hk/gia/general/200102/16/0216290.htm
2001-01-30;行政長官辛巳年春節酒會致辭（一月三十日）;http://www.info.gov.hk/gia/general/200101/30/0130162.htm
2001-01-23;行政長官農曆新年賀辭（一月二十三日）;http://www.info.gov.hk/gia/general/200101/23/0123091.htm
2001-01-16;行政長官董建華出席二○○一年香港秋冬時裝節開幕典禮的致辭全文（一月十六日）;http://www.info.gov.hk/gia/general/200101/16/cesp.htm
2001-01-12;行政長官董建華就政務司司長卸任發表聲明（一月十二日）;http://www.info.gov.hk/gia/general/200101/12/0112182.htm
2001-01-10;行政長官董建華在懲教署周年會操的致辭全文（一月十日）;http://www.info.gov.hk/gia/general/200101/10/0110148.htm
2000-12-17;行政長官董建華在清潔香港開幕典禮的演辭（只有中文）（十二月十七日）;http://www.info.gov.hk/gia/general/200012/17/1216105.htm
2000-12-16;行政長官董建華出席香港文化博物館開幕典禮演辭全文（十二月十六日）;http://www.info.gov.hk/gia/general/200012/16/1216175.htm
2000-12-13;行政長官董建華於香港總商會第七屆商業高峰會議的致辭全文（十二月十三日）;http://www.info.gov.hk/gia/general/200012/13/1213292.htm
2000-12-03;行政長官董建華在國際電信聯盟;http://www.info.gov.hk/gia/general/200012/03/1203199.htm
2000-12-03;行政長官董建華在國際電聯２０００年亞洲電信展開幕典禮的致辭全文（十二月三日）;http://www.info.gov.hk/gia/general/200012/03/1203158.htm
2000-12-02;行政長官董建華在二○○○年撲滅罪行委員會聯席會議上的開幕辭全文（十二月二日）;http://www.info.gov.hk/gia/general/200012/02/1202105.htm
2000-11-27;行政長官董建華在香港禮賓府出席歡迎悉尼二○○○年奧運會中國金牌選手訪問團招待會致辭全文 (只有中文版)(十一月二十七日）;http://www.info.gov.hk/gia/general/200011/27/1127106.htm
2000-11-27;行政長官董建華出席香港論壇海外代表招待會的致辭全文(十一月二十七日）;http://www.info.gov.hk/gia/general/200011/27/1127232.htm
2000-11-22;行政長官董建華在香港管理專業協會四十周年晚宴的致辭全文（十一月二十二日）;http://www.info.gov.hk/gia/general/200011/22/1122297.htm
2000-11-18;行政長官董建華在區議會日午宴上的演辭（十一月十八日）;http://www.info.gov.hk/gia/general/200011/18/1118119.htm
2000-11-17;行政長官董建華出席香港教育工作者聯會二十五周年會慶酒會時的致辭全文（只有中文）（十一月十七日）;http://www.info.gov.hk/gia/general/200011/17/1117231.htm
2000-11-12;行政長官聲明：申辦２００６年亞運（十一月十二日）;http://www.info.gov.hk/gia/general/200011/12/1112183.htm
2000-11-07;行政長官董建華在香港禮賓府出席歡迎中國香港奧運及傷殘人士奧運代表團載譽歸來及預祝中國香港申辦亞運代表團馬到功成招待會時致辭全文（十一月七日）;http://www.info.gov.hk/gia/general/200011/07/1107186.htm
2000-10-31;行政長官董建華於倫敦舉行的香港貿易發展局周年晚宴上的致辭全文（十月三十一日）;http://www.info.gov.hk/gia/general/200010/31/1031219.htm
2000-10-16;行政長官董建華在香港專業團體訪京團出發酒會上的講話（十月十六日）;http://www.info.gov.hk/gia/general/200010/16/1016224.htm
2000-10-16;行政長官董建華出席創新科技產業化研討會開幕典禮致辭全文（十月十六日）;http://www.info.gov.hk/gia/general/200010/16/1016268.htm
2000-10-16;行政長官董建華出席香港商界「行政長官施政報告」午餐會致辭全文（十月十六日）;http://www.info.gov.hk/gia/general/200010/16/1016264.htm
2000-10-11;行政長官董建華在本港電視台及電台播放的一個錄影節目內，簡介有關施政報告內容的全文（十月十一日）;http://www.info.gov.hk/gia/general/200010/11/1011130.htm
2000-10-11;施政報告全文（十月十一日）;http://www.info.gov.hk/gia/general/200010/11/1011137.htm
2000-10-01;行政長官董建華出席中華人民共和國五十一周年國慶酒會的致辭全文（十月一日）;http://www.info.gov.hk/gia/general/200010/01/1001139.htm
2000-09-29;行政長官董建華在「康健樂頤年」開幕典禮上的致辭全文（九月二十九日）;http://www.info.gov.hk/gia/general/200009/29/0929136.htm
2000-09-22;行政長官董建華在「花樣年華」慈善首映禮上的演辭（九月二十二日);http://www.info.gov.hk/gia/general/200009/22/0922273.htm
2000-09-20;行政長官歡迎美國參議院決定（九月二十日);http://www.info.gov.hk/gia/general/200009/20/0919243.htm
2000-09-18;行政長官董建華在香港理工大學舉行的「清新空氣‧汽車控制及未來科技研討會」開幕典禮上的致辭全文（九月十八日);http://www.info.gov.hk/gia/general/200009/18/0918186.htm
2000-09-11;行政長官董建華就香港特別行政區第二屆立法會選舉發表聲明（九月十一日);http://www.info.gov.hk/gia/general/200009/11/0911306.htm
2000-08-21;行政長官董建華在「中國航天科技成就展」開幕典禮上的致辭全文（八月二十一日）;http://www.info.gov.hk/gia/general/200008/21/0821151.htm
2000-08-15;行政長官辦公室聲明（八月十五日）;http://www.info.gov.hk/gia/general/200008/15/0815222.htm
2000-08-11;行政長官聲明（八月十一日）;http://www.info.gov.hk/gia/general/200008/11/0811241.htm
2000-08-10;行政長官董建華在美國商會的演辭全文（八月十日）;http://www.info.gov.hk/gia/general/200008/10/0810235.htm
2000-08-01;行政長官出席專業聯合中心奠基儀式演辭（八月一日）;http://www.info.gov.hk/gia/general/200008/01/0801277.htm
2000-07-21;行政長官辦公室聲明（七月二十一日）;http://www.info.gov.hk/gia/general/200007/21/0721348.htm
2000-07-16;行政長官立法會選舉開幕禮演辭（七月十六日）;http://www.info.gov.hk/gia/general/200007/16/0714246.htm
2000-07-15;特首辦聲明（七月十五日）;http://www.info.gov.hk/gia/general/200007/15/0715197.htm
2000-07-05;行政長官聲明（七月五日）;http://www.info.gov.hk/gia/general/200007/05/0705237.htm
2000-07-05;行政長官出席李嘉誠基金會「千禧萬里行」開幕禮時的致辭全文（只有中文）（七月五日）;http://www.info.gov.hk/gia/general/200007/05/0705201.htm
2000-06-26;行政長官董建華在香港賽馬會中藥研究院捐贈儀式的致辭全文（六月二十六日）;http://www.info.gov.hk/gia/general/200006/26/0626320.htm
2000-06-24;行政長官就房屋委員會主席的離任發表聲明（六月二十四日）;http://www.info.gov.hk/gia/general/200006/24/0624176.htm
2000-06-23;行政長官立法會發言全文（六月二十三日）;http://www.info.gov.hk/gia/general/200006/23/0623217.htm
2000-06-20;行政長官在國際環境影響評估協會大會的演辭（六月二十日）;http://www.info.gov.hk/gia/general/200006/20/0620265.htm
2000-06-03;行政長官聲明（六月三日）;http://www.info.gov.hk/gia/general/200006/03/0603249.htm
2000-06-02;行政長官在「滬港大都市發展研討會」致辭全文（六月二日）;http://www.info.gov.hk/gia/general/200006/02/0602195.htm
2000-06-01;行政長官聲明 （六月一日）;http://www.info.gov.hk/gia/general/200006/01/0601185.htm
2000-05-12;行政長官董建華款待比利時菲利蒲王儲官方晚宴致辭全文                                                                               (五月十二日);http://www.info.gov.hk/gia/general/200005/12/0512253.htm
2000-05-10;行政長官董建華出席文化委員會第一次會議的致辭全文                                                                         （五月十日）;http://www.info.gov.hk/gia/general/200005/10/0510269.htm
2000-05-04;行政長官董建華出席「千禧青年成人禮」的致辭全文                                                                           (五月四日);http://www.info.gov.hk/gia/general/200005/04/0504171.htm
2000-05-04;行政長官董建華出席國際聯合勸募協會公元二千年世界大會致辭全文                                                                             (五月四日);http://www.info.gov.hk/gia/general/200005/04/0504236.htm
2000-05-01;行政長官董建華在太平洋亞洲旅遊協會第四十九屆年會開幕典禮上致辭全文（五月一日）;http://www.info.gov.hk/gia/general/200005/01/0429263.htm
2000-05-01;行政長官董建華在勞動節酒會上的致辭全文（五月一日）;http://www.info.gov.hk/gia/general/200005/01/0501164.htm
2000-04-26;行政長官董建華在香港工程師學會二十五周年晚宴上的致辭全文（四月二十六日）;http://www.info.gov.hk/gia/general/200004/26/engineer-c.htm
2000-04-17;行政長官董建華致辭全文（四月十七日）;http://www.info.gov.hk/gia/general/200004/17/ce.htm
2000-04-11;署理行政長官陳方安生發表聲明（四月十一日）;http://www.info.gov.hk/gia/general/200004/11/0411197.htm
2000-04-10;署理行政長官《基本法》展覽致辭全文（四月十日）;http://www.info.gov.hk/gia/general/200004/10/0410080.htm
2000-04-08;行政長官華盛頓美國商會午餐會致辭全文（四月八日）;http://www.info.gov.hk/gia/general/200004/08/0408182.htm
2000-04-07;署理行政長官陳方安生在第二屆優質教育基金計劃匯展開幕典禮的演辭（四月七日）;http://www.info.gov.hk/gia/general/200004/07/0407105.htm
2000-04-06;行政長官董建華出席亞洲協會、紐約香港協會、中美關係協會及香港駐紐約經濟貿易辦事處聯合午餐會的致辭全文（四月六日）;http://www.info.gov.hk/gia/general/200004/06/0406250.htm
2000-04-05;行政長官董建華出席加拿大會、港加商會香港貿易發展局及香港駐多倫多經濟貿易辦事處聯合午餐會致辭全文（四月五日）;http://www.info.gov.hk/gia/general/200004/05/0405233.htm
2000-04-01;行政長官「基本法頒布十周年研討會」演辭（四月一日）;http://www.info.gov.hk/gia/general/200004/01/0401093.htm
2000-03-30;行政長官在誠信領導新紀元會議的演辭（三月三十日）;http://www.info.gov.hk/gia/general/200003/30/0330156.htm
2000-03-30;行政長官在最佳新聞寫作和圖片比賽頒獎禮的演辭（三月三十日）;http://www.info.gov.hk/gia/general/200003/30/0330080.htm
2000-03-29;行政長官於香港禮賓府設宴招待剛果共和國總統薩蘇時的演辭全文（三月二十九日）;http://www.info.gov.hk/gia/general/200003/29/0329204.htm
2000-03-23;行政長官於香港工業總會四十周年晚宴致辭全文（三月二十三日）;http://www.info.gov.hk/gia/general/200003/23/ce-c.htm
2000-02-29;行政長官董建華出席一九九九香港傑出領袖選舉頒獎晚宴時的致辭全文（二月二十九日）;http://www.info.gov.hk/gia/general/200002/29/0229222.htm
2000-02-21;行政長官出席香港長遠發展需要及目標論壇的開幕辭全文 （二月二十一日）;http://www.info.gov.hk/gia/general/200002/21/0221183.htm
2000-02-12;行政長官「龍傳基金」成立典禮致辭全文（二月十二日）;http://www.info.gov.hk/gia/general/200002/12/0212080.htm
2000-02-10;行政長官新春酒會演辭（二月十日）;http://www.info.gov.hk/gia/general/200002/10/0210189.htm
2000-02-04;行政長官農曆新年賀辭（二月四日）;http://www.info.gov.hk/gia/general/200002/04/0203251.htm
2000-01-16;行政長官在選民登記活動開展禮致辭全文（一月十六日）;http://www.info.gov.hk/gia/general/200001/16/0115107.htm
1999-12-31;行政長官千禧賀辭 （十二月三十一日）;http://www.info.gov.hk/gia/general/199912/31/1231112.htm
1999-12-30;行政長官童軍跨世紀大露營致辭全文 （十二月三十日）;http://www.info.gov.hk/gia/general/199912/30/1230118.htm
1999-12-15;行政長官董建華出席香港各界人士在灣仔會議展覽中心舉行的慶祝澳門回歸祖國的酒會的致辭全文 （十二月十五日）;http://www.info.gov.hk/gia/general/199912/15/1215302.htm
1999-12-07;行政長官董建華出席韓國外交通商部部長洪淳瑛先生所設晚宴席上的致辭全文 （十二月七日）;http://www.info.gov.hk/gia/general/199912/07/cecsp.htm
1999-12-06;行政長官董建華出席海貿香港會議的致辭全文（十二月六日）;http://www.info.gov.hk/gia/general/199912/06/1206212.htm
1999-12-02;行政長官在香港總商會商業高峰會議發言全文（十二月二日）;http://www.info.gov.hk/gia/general/199912/02/1202199.htm
1999-11-30;行政長官在美國傳統基金會與亞洲華爾街日報聯合舉行晚宴上的致辭全文（十一月三十日）;http://www.info.gov.hk/gia/general/199911/30/1130219.htm
1999-11-04;行政長官香港報業公會午餐會演辭（十一月四日）;http://www.info.gov.hk/gia/general/199911/04/1104179.htm
1999-11-02;行政長官香港工業獎頒獎典禮演辭（十一月二日）;http://www.info.gov.hk/gia/general/199911/02/1102202.htm
1999-10-26;行政長官在展翅計劃實習階段開展儀式上的致辭全文（十月二十六日）;http://www.info.gov.hk/gia/general/199910/26/1026118.htm
1999-10-25;行政長官在可持續發展研究諮詢活動的演辭（十月二十五日）;http://www.info.gov.hk/gia/general/199910/25/1025106.htm
1999-10-23;署理行政長官房委會客務中心開幕禮上致辭全文（十月二十三日）;http://www.info.gov.hk/gia/general/199910/23/1022243.htm
1999-10-14;行政長官董建華在香港工商專業聯會「香港經濟前景研討會」的致辭全文（十月十四日）;http://www.info.gov.hk/gia/general/199910/14/1014237.htm
1999-10-06;行政長官董建華在立法會席上發表其任內第三份施政報告－－《培育優秀人才　建設美好家園》的演辭全文（十月六日）;http://www.info.gov.hk/gia/general/199910/06/addressc1.htm
1999-10-06;行政長官董建華在本港電視台及電台播放的一個錄影節目內簡介有關施政報告內容的全文（十月六日）;http://www.info.gov.hk/gia/general/199910/06/1006190.htm
1999-10-06;行政長官董建華在發表一九九九年施政報告後舉行記者招待會於回答記者提問前的發言全文（十月六日）;http://www.info.gov.hk/gia/general/199910/06/1006245.htm
1999-10-01;行政長官董建華出席香港特別行政區慶祝中華人民共和國成立五十周年國慶匯演的演辭全文（十月一日）;http://www.info.gov.hk/gia/general/199910/01/1001177.htm
1999-10-01;署理行政長官梁愛詩出席「中華人民共和國成立五十周年」紀念郵票發行儀式的演辭全文（十月一日）;http://www.info.gov.hk/gia/general/199910/01/1001136.htm
1999-09-17;行政長官國慶酒會致辭全文（九月十七日）;http://www.info.gov.hk/gia/general/199909/17/0917419.htm
1999-09-04;行政長官董建華於香港海關九十週年紀念會操上的演辭全文（九月四日）;http://www.info.gov.hk/gia/general/199909/04/0904109.htm
1999-09-03;行政長官設宴款待厄瓜多爾總統致辭全文（九月三日）;http://www.info.gov.hk/gia/general/199909/03/0903184.htm
1999-09-02;行政長官招待中央評議會職方暨公務員工會致辭全文（九月二日）;http://www.info.gov.hk/gia/general/199909/02/0902188.htm
1999-07-23;行政長官於硅谷舉行的午餐會上致辭全文（七月二十三日）;http://www.info.gov.hk/gia/general/199907/23/0723213.htm
1999-07-22;行政長官三藩市午宴致辭全文（七月二十二日）;http://www.info.gov.hk/gia/general/199907/22/0722235.htm
1999-07-21;署理行政長官陳方安生在第十屆香港書展開幕典禮上的演辭全文（七月二十一日）;http://www.info.gov.hk/gia/general/199907/21/0721082.htm
1999-07-01;行政長官在香港回歸祖國紀念碑揭幕儀式上的講話（七月一日）;http://www.info.gov.hk/gia/general/199907/01/0630198.htm
1999-06-09;行政長官向大埔區代表發表談話全文 （六月九日）;http://www.info.gov.hk/gia/general/199906/09/0609231.htm
1999-06-03;行政長官董建華在華員會８５周年會慶酒會上的致辭全文 （六月三日）;http://www.info.gov.hk/gia/general/199906/03/0603174.htm
1999-05-31;行政長官在私營機構關注環保委員會第八屆工商環保會議開幕典禮上的致辭全文（五月三十一日）;http://www.info.gov.hk/gia/general/199905/31/0531208.htm
1999-05-26;行政長官在第三屆亞太區基建發展部長級會議演辭（五月二十六日）;http://www.info.gov.hk/gia/general/199905/26/0526118.htm
1999-05-18;行政長官在居留權事宜記者會上發言內容（五月十八日）;http://www.info.gov.hk/gia/general/199905/18/0518181.htm
1999-05-17;行政長官董建華出席太平洋盆地經濟理事會第三十二屆國際年會（五月十七日）;http://www.info.gov.hk/gia/general/199905/17/0517188.htm
1999-05-17;行政長官在大熊貓園開幕典禮演辭（五月十七日）;http://www.info.gov.hk/gia/general/199905/17/0517107.htm
1999-05-17;行政長官董建華於里昂證券投資者論壇致辭全文（五月十七日）;http://www.info.gov.hk/gia/general/199905/17/0517185.htm
1999-05-08;行政長官發表聲明 （五月八日）;http://www.info.gov.hk/gia/general/199905/08/0508188.htm
1999-05-01;署理行政長官陳方安生在勞動節酒會的致辭全文 （五月一日）;http://www.info.gov.hk/gia/general/199905/01/0430331.htm
1999-04-28;行政長官董建華於前總督府設宴款待以色列總統的演辭全文 （四月二十八日）;http://www.info.gov.hk/gia/general/199904/28/0428221.htm
1999-04-26;行政長官董建華在國際長者年亞太區會議的開幕辭全文 （四月二十六日）;http://www.info.gov.hk/gia/general/199904/26/0426173.htm
1999-04-19;行政長官董建華於前總督府設宴款待荷蘭女王的演辭全文 （四月十九日）;http://www.info.gov.hk/gia/general/199904/19/0419198.htm
1999-04-19;行政長官董建華在大學校長論壇開幕典禮就「全球高等教育發展趨勢」致辭全文 （四月十九日）;http://www.info.gov.hk/gia/general/199904/19/0419165.htm
1999-03-23;行政長官董建華會見新聞界時發表的聲明 （三月二十三日）;http://www.info.gov.hk/gia/general/199903/23/0323094.htm
1999-03-22;行政長官董建華在「跨世紀、滅貪污」廉政公署二十五周年國際會議上致辭全文 （三月二十二日）;http://www.info.gov.hk/gia/general/199903/22/0322184.htm
1999-03-17;行政長官發表聲明 （三月十七日）;http://www.info.gov.hk/gia/general/199903/17/0317089.htm
1999-03-11;行政長官發表聲明 （三月十一日）;http://www.info.gov.hk/gia/general/199903/11/0311142.htm
1999-03-09;行政長官董建華在一九九九年微軟亞洲企業高峰會議的致辭全文 （三月九日）;http://www.info.gov.hk/gia/general/199903/09/0309174.htm
1999-03-05;署理行政長官陳方安生在保良局青衣中學(技能訓練)開幕典禮上致辭全文 （三月五日）;http://www.info.gov.hk/gia/general/199903/05/0305144.htm
1999-03-04;行政長官董建華在香港特別行政區政府駐北京辦事處成立慶祝酒會上的致辭全文 （三月四日）;http://www.info.gov.hk/gia/general/199903/04/0304ce-c.htm
1999-02-23;行政長官董建華出席己卯年民政事務局春節酒會演辭全文  （二月二十三日）;http://www.info.gov.hk/gia/general/199902/23/0223079.htm
1999-02-22;行政長官董建華下午在前總督府舉行的新春酒會的致辭全文 （二月二十二日）;http://www.info.gov.hk/gia/general/199902/22/0222125.htm
1999-02-22;行政長官董建華出席鄉議局新春團拜時的致辭全文 （二月二十二日）;http://www.info.gov.hk/gia/general/199902/22/0222079.htm
1999-02-17;行政長官董建華在灣仔會議展覽中心農曆煙花觀賞儀式上的致辭全文 （二月十七日）;http://www.info.gov.hk/gia/general/199902/17/0217142.htm
1999-02-15;行政長官董建華發表的農曆新年賀辭全文 （二月十五日）;http://www.info.gov.hk/gia/general/199902/15/0215069.htm
1999-02-07;行政長官董建華在樂富中心二期平台廣場出席「全港屋邨洗太平地日」清潔活動時的演辭內容 （二月七日）;http://www.info.gov.hk/gia/general/199902/07/0206076.htm
1999-02-01;行政長官董建華在耶路撒冷會見以色列外長時的講話全文 （二月一日）;http://www.info.gov.hk/gia/general/199902/01/0201is-c.htm
1999-01-30;署理行政長官陳方安生在香港家庭福利會五十周年紀念活動開幕禮上致辭全文 （一月三十日）;http://www.info.gov.hk/gia/general/199901/30/0130080.htm
1999-01-30;行政長官董建華在瑞士達沃爾的世界經濟論壇周年會議上的演辭（一月三十日）;http://www.info.gov.hk/gia/general/199901/30/0130ce-c.htm
1999-01-30;署理行政長官陳方安生就法院判決的聲明 （一月三十日）;http://www.info.gov.hk/gia/general/199901/30/0130115.htm
1999-01-26;行政長官董建華主持第七屆遠東及南太平洋區傷殘人士運動會中國香港代表團祝捷會暨運動員獎勵計劃頒獎典禮時的演辭全文  (一月二十六日);http://www.info.gov.hk/gia/general/199901/26/0126136.htm
1999-01-25;行政長官董建華出席教育統籌委員會主辦二十一世紀教育藍圖《教育制度檢討：教育目標》論壇的演辭  (一月二十五日);http://www.info.gov.hk/gia/general/199901/25/0125115.htm
1999-01-23;行政長官董建華在一九九九國際長者年香港地區開幕典禮上的致辭全文  (一月二十三日);http://www.info.gov.hk/gia/general/199901/23/0123096.htm
1999-01-22;行政長官就新機場調查委員會報告發表的聲明  (一月二十二日);http://www.info.gov.hk/gia/general/199901/22/0122085.htm
1999-01-21;行政長官董建華在「千年蟲」問題專題研討會上的致辭全文  (一月二十一日);http://www.info.gov.hk/gia/general/199901/21/0121131.htm
1999-01-14;行政長官董建華在立法會答問會的演辭 (一月十四日);http://www.info.gov.hk/gia/general/199901/14/0114115.htm
1999-01-07;行政長官董建華在懲教署周年會操上的致辭全文 (一月七日);http://www.info.gov.hk/gia/general/199901/07/0107059.htm
1999-01-07;行政長官發表聲明 (一月七日);http://www.info.gov.hk/gia/general/199901/07/0107161.htm
1998-12-23;行政長官董建華在中國香港業餘體育協會暨奧林匹克委員會亞運祝捷會上致辭全文  (十二月二十三日);http://www.info.gov.hk/gia/general/199812/23/1223155.htm
1998-12-10;行政長官董建華在中文大學與三十位中大同學談話時的要點  (十二月十日);http://www.info.gov.hk/gia/general/199812/10/1210108.htm
1998-12-09;「世界人權宣言」五十周年行政長官書面發言 (十二月九日);http://www.info.gov.hk/gia/general/199812/09/1209059.htm
1998-12-09;行政長官董建華在香港銀行公會半年度晚宴上致辭全文 (十二月九日);http://www.info.gov.hk/gia/general/199812/09/1209262.htm
1998-12-07;行政長官董建華在法商協會研討會的致辭全文 (十二月七日);http://www.info.gov.hk/gia/general/199812/07/1207199.htm
1998-11-27;行政長官董建華在拔萃女書院畢業典禮的致辭全文  (十一月二十七日);http://www.info.gov.hk/gia/general/199811/27/1127227.htm
1998-11-23;行政長官董建華在世界中文報業協會第三十一屆年會上的演辭 (十一月二十三日);http://www.info.gov.hk/gia/general/199811/23/1123054.htm
1998-11-21;行政長官董建華出席一九九八年撲滅罪行委員會聯席會議開幕典禮的演辭 (十一月二十一日);http://www.info.gov.hk/gia/general/199811/21/1121052.htm
1998-11-20;行政長官董建華於前總督府舉行的世界貿易組織非正式部長級會議(香港)閉幕午宴上的演辭全文 (十一月二十日);http://www.info.gov.hk/gia/general/199811/20/1120193.htm
1998-11-19;行政長官董建華在前總督府宴請韓國總統金大中的致辭全文  (十一月十九日);http://www.info.gov.hk/gia/general/199811/19/1119192.htm
1998-11-14;行政長官董建華在北區醫院主持開幕典禮致辭全文 (十一月十四日);http://www.info.gov.hk/gia/general/199811/14/1113131.htm
1998-11-04;行政長官董建華在一九九八香港工業獎頒獎典禮的致辭全文 (十一月四日);http://www.info.gov.hk/gia/general/199811/04/1104217.htm
1998-11-03;行政長官董建華在前總督府宴請歐洲聯盟委員會主席雅克‧桑特的致辭全文 (十一月三日);http://www.info.gov.hk/gia/general/199811/03/cespe-c.htm
1998-10-31;行政長官董建華出席香港科學會第六屆周年科學研討會開幕典禮的致辭全文 (十月三十日);http://www.info.gov.hk/gia/general/199810/31/1031127.htm
1998-10-28;行政長官董建華在大會堂紀念花園舉行為保衞香港而捐軀人士官方紀念儀式上發表的演詞全文 (十月二十八日);http://www.info.gov.hk/gia/general/199810/28/1027195.htm
1998-10-25;署理行政長官曾蔭權出席一九九八年度香港明愛港島區籌款賣物會的致辭內容 (十月二十五日);http://www.info.gov.hk/gia/general/199810/25/1024072.htm
1998-10-09;行政長官董建華於前總督府宴請英國首相貝理雅時的致辭全文 (十月九日);http://www.info.gov.hk/gia/general/199810/09/1009225.htm
1998-10-08;行政長官董建華在聯合總商會午餐會的致辭全文 (十月八日);http://www.info.gov.hk/gia/general/199810/08/1008177.htm
1998-10-07;行政長官董建華發表一九九八年施政報告 (十月七日);http://www.policyaddress.gov.hk/pa98/chinese/speechc.htm
1998-10-07;行政長官董建華在本港電視台及電台播放的一個錄影節目內簡介有關施政報告內容的全文 (十月七日);http://www.info.gov.hk/gia/general/199810/07/1007049.htm
1998-10-01;行政長官董建華的國慶獻辭全文 (十月一日);http://www.info.gov.hk/gia/general/199810/01/0930289.htm
1998-10-01;行政長官董建華在慶祝中華人民共和國成立四十九周年國慶酒會的致辭全文 (十月一日);http://www.info.gov.hk/gia/general/199810/01/1001083.htm
1998-09-28;行政長官董建華主持「中國古代科技文物展」開幕典禮致辭全文  (九月二十八日);http://www.info.gov.hk/gia/general/199809/28/0928062.htm
1998-09-26;行政長官董建華於前總督府宴請法國總理若斯潘致辭全文 (九月二十六日);http://www.info.gov.hk/gia/general/199809/26/0926cefr.htm
1998-09-10;行政長官董建華在香港特別行政區首個敬師日的致辭全文 (九月十日);http://www.info.gov.hk/gia/general/199809/10/0910180.htm
1998-09-04;行政長官董建華在衞生署「長者健康服務」成立典禮上致開幕辭全文 (九月四日);http://www.info.gov.hk/gia/general/199809/04/0904038.htm
1998-08-28;行政長官董建華在政府總部與新聞界會面時的講話內容 (八月二十八日);http://www.info.gov.hk/gia/general/199808/28/0828210.htm
1998-08-23;行政長官董建華出席國際復康總會第十一屆亞太區會議開幕典禮的演辭全文 (八月二十三日);http://www.info.gov.hk/gia/general/199808/23/0822099.htm
1998-08-20;行政長官就養和醫院事件發表聲明 (八月二十日);http://www.info.gov.hk/gia/general/199808/20/0820140.htm
1998-08-14;行政長官董建華在政府總部大堂會見記者時發表的聲明全文 (八月十四日);http://www.info.gov.hk/gia/general/199808/14/0814197.htm
1998-07-23;行政長官董建華出席中國人民解放軍駐港部隊慶功大會致辭 (七月二十三日);http://www.info.gov.hk/gia/general/199807/23/0723055.htm
1998-07-11;行政長官董建華在國際結算銀行亞太區代表辦事處開幕典禮酒會致辭全文 (七月十一日);http://www.info.gov.hk/gia/general/199807/11/0711072.htm
1998-07-06;行政長官董建華就新機場正式啟用所發表的聲明(七月六日);http://www.info.gov.hk/gia/general/199807/06/0704147.htm
1998-07-02;行政長官董建華在前總督府款待美國總統克林頓晚宴上的演辭全文(七月二日);http://www.info.gov.hk/gia/general/199807/02/0702249.htm
1998-07-02;行政長官董建華出席新機場開幕典禮的演辭全文 (七月二日);http://www.info.gov.hk/gia/general/199807/02/0702060.htm
1998-07-01;行政長官董建華在慶祝香港特別行政區成立一周年晚宴致辭 (七月一日);http://www.info.gov.hk/gia/general/199807/01/0701093.htm
1998-07-01;行政長官董建華在香港特別行政區成立一周年慶典大會的致辭全文 (七月一日);http://www.info.gov.hk/gia/general/199807/01/0701057.htm
1998-06-29;行政長官董建華就香港回歸祖國一周年發表獻辭全文 (六月二十九日);http://www.info.gov.hk/gia/general/199806/29/0629089.htm
1998-06-27;行政長官董建華出席公務員團體慶祝特區成立一周年嘉年華會致辭全文 (六月二十七日);http://www.info.gov.hk/gia/general/199806/27/0627065.htm
1998-06-22;行政長官董建華透過電子傳媒向市民講述紓緩經濟困境措施的講話全文 (六月二十二日);http://www.info.gov.hk/gia/general/199806/22/0622144.htm
1998-06-21;行政長官董建華機場鐵路啟用典禮上致辭 (六月二十一日）;http://www.info.gov.hk/gia/general/199806/21/0621cerl.htm
1998-06-20;行政長官董建華在「健康生活新紀元」揭幕禮上的演辭全文 (六月二十日);http://www.info.gov.hk/gia/general/199806/20/0620cehy.htm
1998-06-18;署理行政長官發表聲明 (六月十八日);http://www.info.gov.hk/gia/general/199806/18/0618088.htm
1998-06-18;行政長官董建華在新西蘭奧克蘭出席亞洲２０００基金會論壇致辭全文 (六月十八日);http://www.info.gov.hk/gia/general/199806/18/0618155.htm
1998-06-17;署理行政長官及香港按揭證券有限公司主席曾蔭權出席「二百億港元債務工具發行計劃」簽約儀式的演辭全文 (六月十七日);http://www.info.gov.hk/gia/general/199806/17/0617078.htm
1998-06-16;行政長官董建華在墨爾本澳大利亞國際論壇致辭全文 (六月十六日);http://www.info.gov.hk/gia/general/199806/16/0616167.htm
1998-06-14;行政長官董建華於在澳洲悉尼亞澳研究所論壇致辭全文 (六月十四日);http://www.info.gov.hk/gia/general/199806/14/0614ces.htm
1998-06-10;行政長官董建華在《遠東經濟評論》研討大會致辭全文 (六月十日);http://www.info.gov.hk/gia/general/199806/10/0610220.htm
1998-06-01;行政長官董建華在一九九八世界知識產權組織亞洲區會議開幕禮上致歡迎詞全文 (六月一日);http://www.info.gov.hk/gia/general/199806/01/0601127.htm
1998-05-25;行政長官董建華在一九九八年醫院管理局研討大會的演辭 (五月二十五日);http://www.info.gov.hk/gia/general/199805/25/0525211.htm
1998-05-25;行政長官董建華就香港特別行政區第一屆立法會選舉發表聲明 (五月二十五日);http://www.info.gov.hk/gia/general/199805/25/0525206.htm
1998-05-20;行政長官董建華訪問黃大仙區在社區茶會上致辭全文 (五月二十日);http://www.info.gov.hk/gia/general/199805/20/0520117.htm
1998-05-07;行政長官董建華在亞洲協會一九九八年會議上演辭全文 (五月七日);http://www.info.gov.hk/gia/general/199805/07/0507146.htm
1998-05-04;行政長官「五四青年節」酒會演辭 (五月四日);http://www.info.gov.hk/gia/general/199805/04/0504139.htm
1998-04-28;行政長官董建華出席邀請全國政協委員酒會致辭全文 (四月二十八日);http://www.info.gov.hk/gia/general/199804/28/0428109.htm
1998-04-25;行政長官新機場慈善晚宴致辭全文 (四月二十五日);http://www.info.gov.hk/gia/general/199804/25/0425053.htm
1998-04-22;行政長官董建華在入境處訓練學校舉行的結業會操的 演辭全文 (四月二十二日);http://www.info.gov.hk/gia/general/199804/22/0422101.htm
1998-04-22;香港保險業聯會周年晚宴行政長官致辭全文 (四月二十二日);http://www.info.gov.hk/gia/general/199804/22/0422ce-c.htm
1998-04-08;行政長官董建華出席臨時立法會晚餐會的講詞全文(四月八日);http://www.info.gov.hk/gia/general/199804/08/0408097.htm
1998-04-03;行政長官董建華就香港特別行政區第一屆 立法會選舉委員會界別分組選舉發表聲明 (四月三日);http://www.info.gov.hk/gia/general/199804/03/0403146.htm
1998-04-02;行政長官董建華在香港二十一世紀可持續發展展覽 開幕禮致辭全文 (四月二日);http://www.info.gov.hk/gia/general/199804/02/0331146.htm
1998-03-24;行政長官董建華出席香港記者協會周年籌款晚會致辭全文 (三月二十四日);https://www.ceo.gov.hk/archive/97-05/speech/2403cjou.htm
1998-03-12;行政長官董建華於香港貿易發展局與法國公會屬下國際委員會 在巴黎舉行的午餐會上致辭全文(三月十二日);https://www.ceo.gov.hk/archive/97-05/speech/1203cesp.htm
1998-03-11;行政長官董建華在法蘭克福洲際酒店舉行的香港貿易發展局 午餐會上致辭全文(三月十一日);https://www.ceo.gov.hk/archive/97-05/speech/1103cecs.htm
1998-02-26;行政長官董建華在香港教育學院大埔校園啟用典禮的致辭全文 (二月二十六日);https://www.ceo.gov.hk/archive/97-05/speech/2602c-ce.htm
1998-02-20;政長官董建華出席外交部駐香港特別行政區特派員公署新春酒 會的致辭全文(二月二十日);https://www.ceo.gov.hk/archive/97-05/speech/2002cspe.htm
1998-02-14;行政長官董建華在香港電台頌讀的「特首家書」內容全文 (二月十四日);http://www.info.gov.hk/isd/news/cfeb98/cce2141.htm
1998-02-12;行政長官董建華在第一屆香港資訊基建博覽會及研討會開幕典 禮上的致辭全文(二月十二日);https://www.ceo.gov.hk/archive/97-05/speech/1202ceie.htm
1998-02-11;行政長官董建華於前總督府午宴上歡迎全國人民代表大會 常務委員會委員長喬石的演辭全文(二月十一日);https://www.ceo.gov.hk/archive/97-05/speech/1102-cce.htm
1998-02-10;行政長官董建華於戊寅年民政事務局局長春節酒會致辭全文 (二月十日);https://www.ceo.gov.hk/archive/97-05/speech/1002repc.htm
1998-02-09;行政長官董建華出席新華社香港分社新春酒會的致辭全文 (二月九日);https://www.ceo.gov.hk/archive/97-05/speech/0902cces.htm
1998-01-27;行政長官農曆新年賀辭(一月二十七日);https://www.ceo.gov.hk/archive/97-05/speech/cce0127.htm
1998-01-17;行政長官董建華在海關訓練學校結業會操致辭全文(一月十七日);https://www.ceo.gov.hk/archive/97-05/speech/0117cce.htm
1998-01-14;行政長官董建華在聖保羅男女中學暨小學畢業典禮致辭全文 (一月十四日);https://www.ceo.gov.hk/archive/97-05/speech/1401ce-s.htm
1998-01-09;行政長官在懲教署周年檢閱會操上致辭全文(一月九日);https://www.ceo.gov.hk/archive/97-05/speech/0109cesc.htm
1997-12-20;行政長官董建華出席《青年約章》實踐情況檢討會議的致辭全文 (十二月二十日);https://www.ceo.gov.hk/archive/97-05/speech/2012cesp.htm
1997-12-18;行政長官參觀培正學校後致辭全文(十二月十八日);https://www.ceo.gov.hk/archive/97-05/speech/pei.htm
1997-12-17;行政長官董建華在中國投資策略研討會致辭全文(十二月十七日);https://www.ceo.gov.hk/archive/97-05/speech/1217cesc.htm
1997-12-17;行政長官董建華在「文物與教育」國際研討會開幕禮致辭全文 （十二月十七日）;https://www.ceo.gov.hk/archive/97-05/speech/c1216-ce.htm
1997-12-06;行政長官董建華在選民登記家訪週誓師大會的致辭全文 （十二月六日）;https://www.ceo.gov.hk/archive/97-05/speech/cesp-612.htm
1997-11-23;行政長官董建華在溫哥華亞太經合組織高峰會致辭全文 （十一月二十三日）;https://www.ceo.gov.hk/archive/97-05/speech/1123cesp.htm
1997-11-19;行政長官董建華在香港生產力促進局成立三十周年慶典的致辭全文 (十一月十九日);https://www.ceo.gov.hk/archive/97-05/speech/1119cesp.htm
1997-11-12;行政長官董建華在中華人民共和國第八屆運動會香港代表團接待 會致辭全文(十一月十二日);https://www.ceo.gov.hk/archive/97-05/speech/1112cce.htm
1997-10-22;行政長官在倫敦恰特姆院皇家國際研究所致辭(十月二十二日);https://www.ceo.gov.hk/archive/97-05/speech/1022ccelon.htm
1997-10-17;行政長官東京午餐會致辭全文(十月十七日);https://www.ceo.gov.hk/archive/97-05/speech/10176cec.htm
1997-10-17;行政長官董建華在中國駐日本大使館歡迎酒會致辭全文 (十月十七日);https://www.ceo.gov.hk/archive/97-05/speech/c1016jap.htm
1997-10-16;署理行政長官陳方安生在保良局馮晴紀念小學開幕典禮的致辭全文 (十月十六日);https://www.ceo.gov.hk/archive/97-05/speech/c1016-cs.htm
1997-10-09;行政長官董建華在香港總商會午餐會上致辭全文 (十月九日);https://www.ceo.gov.hk/archive/97-05/speech/cepalch.htm
1997-10-01;行政長官董建華在中華人民共和國國慶酒會上致辭(十月一日);https://www.ceo.gov.hk/archive/97-05/speech/101-ce.htm
1997-09-23;行政長官在九七年世界銀行和國際貨幣基金組織年會開幕禮上致辭 (九月二十三日);https://www.ceo.gov.hk/archive/97-05/speech/ce97923.htm
1997-09-20;行政長官於世界銀行組織和國際貨幣基金年會研討會演辭 (九月二十日);http://www.info.gov.hk/isd/speech/sp920515.htm
1997-09-17;行政長官於第六屆世界經濟發展周年會議致辭;http://www.info.gov.hk/isd/news/csep97/c917ce-t.htm
1997-09-10;行政長官董建華於華盛頓美國商會上致辭（九月十日）;http://www.info.gov.hk/isd/speech/cce97910.htm
1997-09-05;在新加坡中華商會午餐例會上的致辭全文;http://www.info.gov.hk/isd/speech/c905-ce.htm
1997-09-04;行政長官董建華於馬來西亞吉隆坡Ａｓｉａｎ Ｓｔｒａｔｅｇｙ ａｎｄ　Ｌｅａｄｅｒｓｈｉｐ;https://www.ceo.gov.hk/archive/97-05/speech/ccesp904.htm
1997-08-31;行政長官聲明;http://www.info.gov.hk/isd/news/caug97/c831prin.htm
1997-08-16;行政長官董建華於警察訓練學校結業會操典禮上致辭 (八月十六日);https://www.ceo.gov.hk/archive/97-05/speech/cce81611.htm
1997-07-31;行政長官董建華於香港澳洲商會舉行的午餐會上致辭 (七月三十一日);https://www.ceo.gov.hk/archive/97-05/speech/c731s-ce.htm
1997-07-29;行政長官董建華歡迎上訴庭裁決;http://www.info.gov.hk/isd/news/cjul97/c729-ce.htm
1997-07-22;行政長官董建華在「作育英才、建設香港：從傳統習尚到嶄新使命」 教育活動閉幕典禮上致辭(七月二十二日);https://www.ceo.gov.hk/archive/97-05/speech/722-ce.htm
1997-07-09;行政長官董建華探訪駐港部隊時演辭 (七月九日);https://www.ceo.gov.hk/archive/97-05/speech/cesp79-c.htm
1997-07-03;行政長官董建華於在「國際薈萃賀香江」上致辭 (七月三日);https://www.ceo.gov.hk/archive/97-05/speech/0703cces.htm
1997-07-03;行政長官董建華於高等教育領導人國際論壇晚宴上致辭 (七月三日);https://www.ceo.gov.hk/archive/97-05/speech/0703cced.htm
1997-07-01;行政長官董建華在粵港合作聯席會議成立儀式上的演辭全文 (三月三十日);https://www.ceo.gov.hk/archive/97-05/speech/0330135.htm
1997-07-01;中華人民共和國香港特別行政區首任行政長官董建華在中華人民共和國 香港特別行政區成立慶典大會上的講話 (七月一日);https://www.ceo.gov.hk/archive/97-05/speech/0701cces.htm
1997-07-01;中華人民共和國香港特別行政區第一任行政長官董建華在香港特別行政區 成立暨宣誓儀式上的講話 (七月一日);https://www.ceo.gov.hk/archive/97-05/speech/0701ccei.htm
