Date; Title; URL
26-06-2022; 候任行政長官在清華大學高級公共管理碩士畢業禮的視像致辭; https://www.info.gov.hk/gia/general/202206/26/P2022062400620.htm
22-06-2022; 候任行政長官出席第六期「鞏固法治」教師培訓計劃致辭; https://www.info.gov.hk/gia/general/202206/22/P2022062200316.htm
21-06-2022; 候任行政長官在香港教師生活館暨美觀文化薈開幕典禮致辭; https://www.info.gov.hk/gia/general/202206/21/P2022062100306.htm
17-06-2022; 候任行政長官出席全港同鄉社團慶回歸25周年文藝巡演啓動禮致辭; https://www.info.gov.hk/gia/general/202206/17/P2022061700817.htm
14-06-2022; 候任行政長官出席「瑰麗同行」啓動禮致辭全文; https://www.info.gov.hk/gia/general/202206/14/P2022061400389.htm
12-06-2022; 候任行政長官出席慶祝香港回歸祖國25周年----《大公報》創刊120周年慶祝活動致辭全文; https://www.info.gov.hk/gia/general/202206/12/P2022061200422.htm
29-12-2022; 行政長官出席學習貫徹二十大精神香港青年聯會第30屆會慶及會董會就職典禮暨香港青聯交流基金周年會慶致辭; https://www.info.gov.hk/gia/general/202212/29/P2022122900648.htm
22-12-2022; 行政長官在2022粵港澳大灣區服務貿易大會開幕式暨主論壇致辭; https://www.info.gov.hk/gia/general/202212/22/P2022122200333.htm
21-12-2022; 行政長官在2022粵港澳大灣區全球招商大會致辭; https://www.info.gov.hk/gia/general/202212/21/P2022122100385.htm
20-12-2022; 行政長官在第十二屆中國證券金紫荊獎頒獎典禮致辭; https://www.info.gov.hk/gia/general/202212/20/P2022122000357.htm
20-12-2022; 行政長官在上海交通大學「呂志和科學園」捐贈協議簽署儀式致辭; https://www.info.gov.hk/gia/general/202212/20/P2022122000323.htm
18-12-2022; 行政長官在第一屆全港青少年中國文化和旅遊知識競賽頒獎典禮致辭; https://www.info.gov.hk/gia/general/202212/18/P2022121600608.htm
18-12-2022; 行政長官出席新鴻基地產香港單車節致辭; https://www.info.gov.hk/gia/general/202212/18/P2022121800467.htm
15-12-2022; 行政長官出席世界中文報業協會第五十五屆年會致辭; https://www.info.gov.hk/gia/general/202212/15/P2022121500512.htm
15-12-2022; 行政長官在香港北京高校校友聯盟「京港青年科技創新促進計劃」專題活動致辭; https://www.info.gov.hk/gia/general/202212/15/P2022121500251.htm
14-12-2022; 行政長官出席善學晨曦曾學權兒童發展中心命名暨開幕典禮致辭; https://www.info.gov.hk/gia/general/202212/14/P2022121400456.htm
14-12-2022; 行政長官在貫徹落實《南沙方案》系列政策推介會致辭; https://www.info.gov.hk/gia/general/202212/14/P2022121400400.htm
14-12-2022; 行政長官出席第25屆北京‧香港經濟合作研討洽談會開幕式致辭; https://www.info.gov.hk/gia/general/202212/14/P2022121400243.htm
13-12-2022; 行政長官在齊心論壇暨10周年慶典「踐行現代化中國路」致辭; https://www.info.gov.hk/gia/general/202212/13/P2022121300408.htm
12-12-2022; 行政長官在上海總會成立四十五周年暨第二十三屆理監事會就職典禮致辭; https://www.info.gov.hk/gia/general/202212/12/P2022121200436.htm
12-12-2022; 行政長官出席二○二二公務員優質服務獎勵計劃頒獎典禮致辭; https://www.info.gov.hk/gia/general/202212/12/P2022121200564.htm
12-12-2022; 行政長官在團結香港基金「創科博覽2022」開幕典禮致辭; https://www.info.gov.hk/gia/general/202212/12/P2022121200228.htm
10-12-2022; 行政長官在將軍澳--藍田隧道及將軍澳跨灣連接路通車儀式致辭; https://www.info.gov.hk/gia/general/202212/10/P2022121000273.htm
09-12-2022; 行政長官在2022深圳全球招商大會致辭; https://www.info.gov.hk/gia/general/202212/09/P2022120900247.htm
08-12-2022; 行政長官出席香港商報創刊70周年誌慶酒會致辭; https://www.info.gov.hk/gia/general/202212/08/P2022120800589.htm
08-12-2022; 行政長官在《香港01》經濟高峰論壇2022致辭; https://www.info.gov.hk/gia/general/202212/08/P2022120700686.htm
04-12-2022; 行政長官出席二○二二年「國家憲法日」座談會致辭; https://www.info.gov.hk/gia/general/202212/04/P2022120400390.htm
03-12-2022; 行政長官出席中國共產黨第二十次全國代表大會精神宣講會歡迎辭; https://www.info.gov.hk/gia/general/202212/03/P2022120300383.htm
02-12-2022; 行政長官出席入境事務處學員結業會操致辭; https://www.info.gov.hk/gia/general/202212/02/P2022120200578.htm
01-12-2022; 行政長官出席香港中華總商會第53屆會董就職典禮致辭; https://www.info.gov.hk/gia/general/202212/01/P2022120100580.htm
01-12-2022; 行政長官出席香港經濟峰會2023致辭; https://www.info.gov.hk/gia/general/202212/01/P2022120100390.htm
30-11-2022; 行政長官出席「和衷共濟　情暖香江──慶祝香港回歸祖國25周年國家關懷支援香港紀實展覽」開幕典禮致辭; https://www.info.gov.hk/gia/general/202211/30/P2022113000389.htm
17-11-2022; 行政長官在一帶一路總商會成立五週年誌慶暨第二屆理事會就職典禮致辭; https://www.info.gov.hk/gia/general/202211/17/P2022111700447.htm
16-11-2022; 行政長官在「藝文香港ART HK」藝術展覽及國際藝術論壇開幕儀式致辭; https://www.info.gov.hk/gia/general/202211/16/P2022111600485.htm
15-11-2022; 行政長官在2022年西麗湖論壇開幕式致辭; https://www.info.gov.hk/gia/general/202211/15/P2022111500247.htm
15-11-2022; 行政長官在第十二屆蘇港澳青年發展論壇致辭; https://www.info.gov.hk/gia/general/202211/15/P2022111500249.htm
14-11-2022; 行政長官出席無綫電視五十五周年晚宴致辭; https://www.info.gov.hk/gia/general/202211/14/P2022111400656.htm
11-11-2022; 行政長官出席香港法律周2022──法治大會：法治公義 普惠共存致辭; https://www.info.gov.hk/gia/general/202211/11/P2022111100232.htm
09-11-2022; 行政長官出席「大灣區青年就業計劃」嘉許禮暨分享會致辭; https://www.info.gov.hk/gia/general/202211/09/P2022110900534.htm
08-11-2022; 行政長官在全球智慧城市合作與發展大會致辭; https://www.info.gov.hk/gia/general/202211/08/P2022110700572.htm
04-11-2022; 行政長官主持行政長官卓越教學獎（2021/2022）頒獎典禮致辭; https://www.info.gov.hk/gia/general/202211/04/P2022110400565.htm
04-11-2022; 行政長官出席灼見名家周年論壇暨八周年慶典致辭; https://www.info.gov.hk/gia/general/202211/04/P2022110400443.htm
02-11-2022; 行政長官出席國際金融領袖投資峰會致辭; https://www.info.gov.hk/gia/general/202211/02/P2022110200345.htm
01-11-2022; 行政長官出席美荷樓生活館──「歲月留情」展覽開幕典禮致辭; https://www.info.gov.hk/gia/general/202211/01/P2022110100569.htm
29-10-2022; 行政長官在慶祝香港特別行政區成立二十五周年暨紀念《基本法》頒布三十二周年研討會致辭; https://www.info.gov.hk/gia/general/202210/29/P2022102800835.htm
29-10-2022; 行政長官出席香港華夏教育機構成立典禮暨香港教育開新篇高峰論壇致辭; https://www.info.gov.hk/gia/general/202210/29/P2022102900177.htm
27-10-2022; 行政長官出席海南省在港發行離岸人民幣地方政府債券敲鑼儀式致辭; https://www.info.gov.hk/gia/general/202210/27/P2022102700472.htm
27-10-2022; 行政長官出席2022粵港澳大灣區高峰論壇致辭; https://www.info.gov.hk/gia/general/202210/27/P2022102700226.htm
26-10-2022; 行政長官出席香港海南社團總會第四屆會董會就職典禮致辭; https://www.info.gov.hk/gia/general/202210/26/P2022102600775.htm
24-10-2022; 行政長官出席「百川」系列論壇：創新科技及「工業4.0」致辭; https://www.info.gov.hk/gia/general/202210/24/P2022102400465.htm
24-10-2022; 行政長官出席領航「9+2」第三屆粵港澳大灣區發展論壇暨頒獎典禮致辭; https://www.info.gov.hk/gia/general/202210/24/P2022102400262.htm
20-10-2022; 行政長官在慶祝中華人民共和國成立73周年暨香港江蘇婦女聯合總會創會就職典禮致辭; https://www.info.gov.hk/gia/general/202210/20/P2022102000462.htm
19-10-2022; 行政長官向立法會發表《行政長官2022年施政報告》發言全文（十）; https://www.info.gov.hk/gia/general/202210/19/P2022101900277.htm
19-10-2022; 行政長官向立法會發表《行政長官2022年施政報告》發言全文（九）; https://www.info.gov.hk/gia/general/202210/19/P2022101900267.htm
19-10-2022; 行政長官向立法會發表《行政長官2022年施政報告》發言全文（八）; https://www.info.gov.hk/gia/general/202210/19/P2022101900258.htm
19-10-2022; 行政長官向立法會發表《行政長官2022年施政報告》發言全文（七）; https://www.info.gov.hk/gia/general/202210/19/P2022101900248.htm
19-10-2022; 行政長官向立法會發表《行政長官2022年施政報告》發言全文（六）; https://www.info.gov.hk/gia/general/202210/19/P2022101900234.htm
19-10-2022; 行政長官向立法會發表《行政長官2022年施政報告》發言全文（五）; https://www.info.gov.hk/gia/general/202210/19/P2022101900224.htm
19-10-2022; 行政長官向立法會發表《行政長官2022年施政報告》發言全文（四）; https://www.info.gov.hk/gia/general/202210/19/P2022101900212.htm
19-10-2022; 行政長官向立法會發表《行政長官2022年施政報告》發言全文（三）; https://www.info.gov.hk/gia/general/202210/19/P2022101900177.htm
19-10-2022; 行政長官向立法會發表《行政長官2022年施政報告》發言全文（二）; https://www.info.gov.hk/gia/general/202210/19/P2022101900157.htm
19-10-2022; 行政長官向立法會發表《行政長官2022年施政報告》發言全文（一）; https://www.info.gov.hk/gia/general/202210/19/P2022101900145.htm
08-10-2022; 行政長官在金紫荊盃香港校際作文暨普通話朗誦大賽總決賽暨頒獎典禮致辭; https://www.info.gov.hk/gia/general/202210/08/P2022100700519.htm
06-10-2022; 行政長官在民建聯大灣區高端論壇致辭; https://www.info.gov.hk/gia/general/202210/06/P2022100600222.htm
03-10-2022; 行政長官出席香港廣東社團總會慶祝中華人民共和國成立73周年　慶祝香港回歸祖國25周年暨第十一屆會董就職典禮致辭; https://www.info.gov.hk/gia/general/202210/03/P2022100300554.htm
01-10-2022; 行政長官國慶酒會致辭; https://www.info.gov.hk/gia/general/202210/01/P2022100100219.htm
28-09-2022; 行政長官出席北京大學香港特別行政區政府高級公務員公共管理碩士2022年開學典禮; https://www.info.gov.hk/gia/general/202209/28/P2022092800468.htm
28-09-2022; 行政長官在博鰲亞洲論壇國際科技與創新論壇第二屆大會開幕式致辭; https://www.info.gov.hk/gia/general/202209/28/P2022092800416.htm
27-09-2022; 行政長官出席香港潮屬各界慶祝中華人民共和國成立73周年國慶大會致辭; https://www.info.gov.hk/gia/general/202209/27/P2022092700603.htm
27-09-2022; 行政長官在香港深圳社團總會第六屆會董會就職典禮致辭; https://www.info.gov.hk/gia/general/202209/27/P2022092700308.htm
26-09-2022; 行政長官出席香港金融服務界慶祝中華人民共和國成立73周年國慶暨香港特區回歸25周年酒會致辭; https://www.info.gov.hk/gia/general/202209/26/P2022092600565.htm
26-09-2022; 行政長官出席2022年「科創大講堂」啓動儀式致辭; https://www.info.gov.hk/gia/general/202209/26/P2022092600202.htm
24-09-2022; 行政長官出席「同心．展新」紀律部隊暨青少年團體慶國慶七十三周年暨回歸二十五周年步操大匯演致辭; https://www.info.gov.hk/gia/general/202209/24/P2022092400459.htm
23-09-2022; 行政長官出席香港浙江省同鄉會聯合會慶祝國慶73周年暨香港回歸25周年及第十二屆理事會就職典禮致辭; https://www.info.gov.hk/gia/general/202209/23/P2022092300708.htm
23-09-2022; 行政長官出席新界鄉議局慶祝中華人民共和國成立73周年暨香港回歸祖國25周年典禮致辭; https://www.info.gov.hk/gia/general/202209/23/P2022092300235.htm
22-09-2022; 行政長官出席香港新聞界慶祝中華人民共和國成立七十三周年酒會致辭; https://www.info.gov.hk/gia/general/202209/22/P2022092200469.htm
21-09-2022; 行政長官出席第三屆粵港澳大灣區企業家聯盟傑出青年企業家頒獎典禮致辭; https://www.info.gov.hk/gia/general/202209/21/P2022092100394.htm
21-09-2022; 行政長官在工聯會「國家職業技能考核」啟動禮致辭; https://www.info.gov.hk/gia/general/202209/21/P2022092100252.htm
21-09-2022; 行政長官出席「鳳凰灣區財經論壇2022──變局與信心」致辭; https://www.info.gov.hk/gia/general/202209/21/P2022092100248.htm
17-09-2022; 行政長官在大型禁毒宣傳節目《SHOW出脫毒新作風》致辭; https://www.info.gov.hk/gia/general/202209/17/P2022091600500.htm
15-09-2022; 行政長官出席「向老師致敬2022──敬師日慶典暨表揚狀頒發典禮」致辭; https://www.info.gov.hk/gia/general/202209/15/P2022091500435.htm
13-09-2022; 行政長官出席「香港工商界同胞慶祝大會----中華人民共和國成立73周年暨香港特別行政區成立25周年」致辭; https://www.info.gov.hk/gia/general/202209/13/P2022091300523.htm
09-09-2022; 行政長官在金庸展──武漢站開幕式致辭; https://www.info.gov.hk/gia/general/202209/09/P2022090900229.htm
09-09-2022; 行政長官出席香港江蘇各界人士慶國慶73周年暨香港江蘇社團總會第四屆常務理事會就職典禮致辭; https://www.info.gov.hk/gia/general/202209/09/P2022090900666.htm
08-09-2022; 行政長官出席工商界增強香港發展動能參與共建「一帶一路」座談會致辭; https://www.info.gov.hk/gia/general/202209/08/P2022090800371.htm
08-09-2022; 行政長官出席「香港新坐標：中外文化藝術交流中心」高峰論壇致辭; https://www.info.gov.hk/gia/general/202209/08/P2022090800266.htm
03-09-2022; 行政長官出席香港沙頭角抗戰紀念館揭幕典禮致辭; https://www.info.gov.hk/gia/general/202209/03/P2022090300423.htm
02-09-2022; 行政長官在孟加拉國「香港回歸祖國二十五周年活動晚宴」致辭; https://www.info.gov.hk/gia/general/202209/02/P2022090200287.htm
01-09-2022; 行政長官在香港政協青年聯會慶祝香港回歸祖國二十五周年、成立八周年暨第五屆執委會就職典禮致辭; https://www.info.gov.hk/gia/general/202209/01/P2022090100620.htm
01-09-2022; 行政長官在2022世界人工智能大會--香港分會場致辭; https://www.info.gov.hk/gia/general/202209/01/P2022090100422.htm
01-09-2022; 行政長官在香港科技大學（廣州）開學典禮致辭; https://www.info.gov.hk/gia/general/202209/01/P2022090100215.htm
30-08-2022; 行政長官在香港建築師學會城市規劃建築設計成就展杭州站開幕禮致辭; https://www.info.gov.hk/gia/general/202208/30/P2022083000231.htm
24-08-2022; 行政長官出席香港理工大學主校門揭幕典禮致辭; https://www.info.gov.hk/gia/general/202208/24/P2022082400361.htm
21-08-2022; 行政長官出席香港新來港人士服務基金第五屆就職典禮暨新來港學生升讀大學獎學金計劃頒獎典禮致辭; https://www.info.gov.hk/gia/general/202208/21/P2022082100479.htm
11-08-2022; 行政長官出席2022年大灣區國際科創峰會致辭; https://www.info.gov.hk/gia/general/202208/11/P2022081100245.htm
05-08-2022; 行政長官出席香港潮屬社團總會第十一屆會董就職典禮致辭; https://www.info.gov.hk/gia/general/202208/05/P2022080500819.htm
05-08-2022; 行政長官出席全港中小學生慶祝香港回歸祖國25周年知識競賽總決賽暨頒獎典禮致辭; https://www.info.gov.hk/gia/general/202208/05/P2022080500748.htm
29-07-2022; 行政長官出席第十四屆「香港盃」外交知識競賽頒獎典禮致辭; https://www.info.gov.hk/gia/general/202207/29/P2022072900532.htm
29-07-2022; 行政長官出席第三屆香港創新領軍人物大獎頒獎典禮致辭; https://www.info.gov.hk/gia/general/202207/29/P2022072900371.htm
29-07-2022; 行政長官在大灣區衛視、珠江之聲開播暨「視聽中國．香江故事」展播活動啓動儀式致辭; https://www.info.gov.hk/gia/general/202207/29/P2022072900270.htm
28-07-2022; 行政長官出席慶祝香港回歸祖國二十五周年　學習習近平主席七一重要講話「我愛我家」主題論壇致辭; https://www.info.gov.hk/gia/general/202207/28/P2022072800491.htm
28-07-2022; 行政長官在2022年中國國際消費品博覽會時裝周三亞主題日致辭; https://www.info.gov.hk/gia/general/202207/28/P2022072800223.htm
25-07-2022; 行政長官在第二屆中國國際消費品博覽會開幕式致辭; https://www.info.gov.hk/gia/general/202207/25/P2022072500330.htm
22-07-2022; 行政長官在遼寧省香港商會慶祝香港回歸祖國二十五周年主題活動致辭; https://www.info.gov.hk/gia/general/202207/22/P2022072200570.htm
22-07-2022; 行政長官出席2021年香港最佳新聞獎頒獎典禮致辭; https://www.info.gov.hk/gia/general/202207/22/P2022072200415.htm
22-07-2022; 行政長官在「香港．創．新工業」高峰論壇致辭; https://www.info.gov.hk/gia/general/202207/22/P2022072200298.htm
21-07-2022; 行政長官在「霍英東教育基金會慶祝香港回歸祖國25周年暨第18屆高等院校青年科學獎及教育教學獎」頒獎儀式致辭; https://www.info.gov.hk/gia/general/202207/21/P2022072100299.htm
21-07-2022; 行政長官在前海深港青年夢工場北區開園活動致辭; https://www.info.gov.hk/gia/general/202207/21/P2022072100168.htm
20-07-2022; 行政長官出席香港書展2022開幕典禮致辭; https://www.info.gov.hk/gia/general/202207/20/P2022072000434.htm
16-07-2022; 行政長官在香港新聞工作者聯會慶祝香港回歸聯歡晚會致辭; https://www.info.gov.hk/gia/general/202207/16/P2022071600381.htm
16-07-2022; 行政長官出席「學習宣傳貫徹習近平主席重要講話精神」暨「香港法商共展灣區新未來」論壇致辭; https://www.info.gov.hk/gia/general/202207/16/P2022071600497.htm
16-07-2022; 行政長官出席2022年香港愛國主義教育高峰論壇暨愛國教育支援中心揭幕儀式致辭; https://www.info.gov.hk/gia/general/202207/16/P2022071600248.htm
15-07-2022; 行政長官出席香港科技創新聯盟成立暨中銀香港科技創新獎啟動儀式致辭; https://www.info.gov.hk/gia/general/202207/15/P2022071500298.htm
12-07-2022; 行政長官出席香港創科教育中心成立儀式致辭; https://www.info.gov.hk/gia/general/202207/12/P2022071200428.htm
09-07-2022; 行政長官出席「明珠耀彩迎銀禧　萬眾同心展未來」大型如意宮燈展覽亮燈儀式致辭; https://www.info.gov.hk/gia/general/202207/09/P2022070900668.htm
09-07-2022; 行政長官出席警察學院結業會操致辭; https://www.info.gov.hk/gia/general/202207/09/P2022070900281.htm
09-07-2022; 行政長官在2022財新夏季峰會致辭; https://www.info.gov.hk/gia/general/202207/09/P2022070800654.htm
08-07-2022; 行政長官出席慶祝香港回歸祖國25周年暨香港福建社團聯會成立25周年慶祝大會致辭; https://www.info.gov.hk/gia/general/202207/08/P2022070800642.htm
07-07-2022; 行政長官出席慶祝香港回歸祖國25周年暨香港北京高校校友聯盟成立大會致辭全文; https://www.info.gov.hk/gia/general/202207/07/P2022070700584.htm
06-07-2022; 行政長官出席香港科學園20周年紀念活動「創科　由此啟航　成就無界」致辭全文; https://www.info.gov.hk/gia/general/202207/06/P2022070600618.htm
06-07-2022; 行政長官出席「同鄉文化名勝展」開幕典禮致辭; https://www.info.gov.hk/gia/general/202207/06/P2022070600447.htm
05-07-2022; 行政長官在「我和我的祖國」慶祝香港回歸25周年青春匯報會致辭; https://www.info.gov.hk/gia/general/202207/05/P2022070500695.htm
04-07-2022; 行政長官出席債券通周年論壇2022暨互換通發布儀式致辭; https://www.info.gov.hk/gia/general/202207/04/P2022070400430.htm
03-07-2022; 行政長官在紫荊文化集團主辦的慶祝香港回歸祖國25周年藝術名家作品展致辭; https://www.info.gov.hk/gia/general/202207/03/P2022063000334.htm
01-07-2022; 行政長官在香港特別行政區第六屆政府就職典禮致辭全文; https://www.info.gov.hk/gia/general/202207/01/P2022070100391.htm
28-12-2023; 行政長官出席第十三屆「央視財經論壇•香港」致辭; https://www.info.gov.hk/gia/general/202312/28/P2023122800180.htm
20-12-2023; 行政長官在2023京港創新發展論壇致辭; https://www.info.gov.hk/gia/general/202312/20/P2023122000456.htm
19-12-2023; 行政長官在香港中國金融協會2023年會員大會暨第六屆主席團就職典禮致辭; https://www.info.gov.hk/gia/general/202312/19/P2023121900260.htm
18-12-2023; 行政長官在金融･科技･創新與大灣區產業融合高峰論壇致辭; https://www.info.gov.hk/gia/general/202312/18/P2023121800228.htm
18-12-2023; 行政長官在魯港澳高校院所創新合作發展大會致辭; https://www.info.gov.hk/gia/general/202312/18/P2023121800226.htm
16-12-2023; 行政長官在香港湖北社團總會第十屆蓮藕節暨十堰香港武當文化推介活動開幕典禮致辭; https://www.info.gov.hk/gia/general/202312/16/P2023121500310.htm
15-12-2023; 行政長官在二○二二年度香港環境卓越大奬暨香港綠色機構認證頒獎典禮致辭; https://www.info.gov.hk/gia/general/202312/15/P2023121500247.htm
15-12-2023; 行政長官在2023第十三屆香港國際金融論壇致辭; https://www.info.gov.hk/gia/general/202312/15/P2023121500188.htm
13-12-2023; 行政長官在C919及ARJ21飛機歡迎儀式致辭; https://www.info.gov.hk/gia/general/202312/13/P2023121300319.htm
12-12-2023; 行政長官在香港房屋委員會成立50周年慶典致辭; https://www.info.gov.hk/gia/general/202312/12/P2023121200453.htm
11-12-2023; 行政長官在港澳同胞貢獻祖國大型圖片展覽開幕典禮致辭; https://www.info.gov.hk/gia/general/202312/11/P2023121100331.htm
09-12-2023; 行政長官在全港中小學生紀念改革開放45周年知識競賽總決賽暨頒獎典禮致辭; https://www.info.gov.hk/gia/general/202312/09/P2023120800445.htm
08-12-2023; 行政長官在「香港文學與世界華文文學的互動與前瞻」國際學術會議致辭; https://www.info.gov.hk/gia/general/202312/08/P2023120800179.htm
08-12-2023; 行政長官在2023深圳全球招商大會致辭; https://www.info.gov.hk/gia/general/202312/08/P2023120800176.htm
06-12-2023; 行政長官在2023粵港澳大灣區服務貿易大會開幕式致辭; https://www.info.gov.hk/gia/general/202312/06/P2023120500527.htm
04-12-2023; 行政長官在香港經濟峰會2024致辭; https://www.info.gov.hk/gia/general/202312/04/P2023120400318.htm
04-12-2023; 行政長官出席二○二三年「國家憲法日」座談會致辭; https://www.info.gov.hk/gia/general/202312/04/P2023120400249.htm
04-12-2023; 行政長官在第七屆京港澳台四地愛滋病論壇致辭; https://www.info.gov.hk/gia/general/202312/04/P2023120100589.htm
03-12-2023; 行政長官出席聖保羅書院170周年校慶晚宴致辭; https://www.info.gov.hk/gia/general/202312/03/P2023120300454.htm
03-12-2023; 行政長官出席公務員齊撐區選家庭日致辭; https://www.info.gov.hk/gia/general/202312/03/P2023120300413.htm
03-12-2023; 行政長官在「范長江行動」十周年慶典系列活動致辭; https://www.info.gov.hk/gia/general/202312/03/P2023120100586.htm
03-12-2023; 行政長官在全港學界國家安全常識挑戰賽啟動禮致辭; https://www.info.gov.hk/gia/general/202312/03/P2023120100582.htm
01-12-2023; 行政長官出席中國載人航天工程代表團歡送儀式致辭; https://www.info.gov.hk/gia/general/202312/01/P2023120100468.htm
30-11-2023; 行政長官出席香港首個加氫站及首輛雙層氫能巴士啓動禮致辭; https://www.info.gov.hk/gia/general/202311/30/P2023113000277.htm
29-11-2023; 行政長官出席京港合作會議第五次會議開場發言; https://www.info.gov.hk/gia/general/202311/29/P2023112900362.htm
29-11-2023; 行政長官出席第二十六屆北京．香港經濟合作研討洽談會開幕式致辭; https://www.info.gov.hk/gia/general/202311/29/P2023112900233.htm
28-11-2023; 行政長官出席中國載人航天工程代表團歡迎晚宴致辭; https://www.info.gov.hk/gia/general/202311/28/P2023112800591.htm
28-11-2023; 行政長官在廣華醫院重建計劃第一期大樓開幕典禮致辭; https://www.info.gov.hk/gia/general/202311/28/P2023112800243.htm
27-11-2023; 行政長官在香港青年聯會第三十一屆會慶及會董會就職典禮致辭; https://www.info.gov.hk/gia/general/202311/27/P2023112700218.htm
27-11-2023; 行政長官在香港國際文化藝術促進會就職典禮致辭; https://www.info.gov.hk/gia/general/202311/27/P2023112700214.htm
27-11-2023; 行政長官出席「香港財經論壇2023：探討香港國際化之優勢與高質量發展」致辭; https://www.info.gov.hk/gia/general/202311/27/P2023112700387.htm
25-11-2023; 行政長官出席香港僑界社團聯會慶祝中華人民共和國成立74周年暨第八屆會董就職典禮致辭; https://www.info.gov.hk/gia/general/202311/25/P2023112500607.htm
24-11-2023; 行政長官出席懲教署學員結業會操致辭; https://www.info.gov.hk/gia/general/202311/24/P2023112400672.htm
24-11-2023; 行政長官出席領航「9+2」第四屆粵港澳大灣區發展論壇暨頒獎典禮致辭; https://www.info.gov.hk/gia/general/202311/24/P2023112400247.htm
23-11-2023; 行政長官出席第八屆「一國兩制」與香港基本法研討會致辭; https://www.info.gov.hk/gia/general/202311/23/P2023112300203.htm
22-11-2023; 行政長官出席香港深圳社團總會成立20周年暨「我身邊的新安文化記憶」頒獎典禮致辭; https://www.info.gov.hk/gia/general/202311/22/P2023112200597.htm
22-11-2023; 行政長官出席共享基金會五周年酒會致辭; https://www.info.gov.hk/gia/general/202311/22/P2023112200537.htm
22-11-2023; 行政長官出席《巴士的報》10周年午宴致辭; https://www.info.gov.hk/gia/general/202311/22/P2023112200344.htm
19-11-2023; 行政長官在2023粵港澳大灣區企業家論壇致辭; https://www.info.gov.hk/gia/general/202311/19/P2023111700596.htm
18-11-2023; 行政長官出席二○二三年撲滅罪行聯席會議致辭; https://www.info.gov.hk/gia/general/202311/18/P2023111800182.htm
16-11-2023; 行政長官出席香港中華總商會世界青年華商論壇致辭; https://www.info.gov.hk/gia/general/202311/16/P2023111600202.htm
15-11-2023; 行政長官在全國及大灣區金茶王大賽2023（港式奶茶）致辭; https://www.info.gov.hk/gia/general/202311/15/P2023111500532.htm
15-11-2023; 行政長官出席惜食堂賽馬會食品製作中心奠基典禮致辭; https://www.info.gov.hk/gia/general/202311/15/P2023111500415.htm
15-11-2023; 行政長官在2023西麗湖論壇開幕式致辭; https://www.info.gov.hk/gia/general/202311/15/P2023111400620.htm
15-11-2023; 行政長官出席邁向高質量發展的中國──香港的機遇與擔當「中國經濟運行與政策」國際論壇2023致辭; https://www.info.gov.hk/gia/general/202311/15/P2023111500214.htm
13-11-2023; 行政長官出席杭州第四屆亞殘運會中國香港代表團返港歡迎儀式致辭; https://www.info.gov.hk/gia/general/202311/13/P2023111300270.htm
10-11-2023; 行政長官出席慶祝國慶74周年暨香港浙江省同鄉會聯合會成立25周年及第十三屆理事會就職典禮致辭; https://www.info.gov.hk/gia/general/202311/10/P2023111000634.htm
09-11-2023; 行政長官在香港高才通人才服務協會創立暨首屆理監事會就職典禮致辭; https://www.info.gov.hk/gia/general/202311/09/P2023110900231.htm
08-11-2023; 行政長官在2023粵港澳大灣區全球招商大會致辭; https://www.info.gov.hk/gia/general/202311/08/P2023110800443.htm
05-11-2023; 行政長官在上海出席「投資中國年」高峰會議暨上海城市推介致辭; https://www.info.gov.hk/gia/general/202311/05/P2023110500491.htm
05-11-2023; 行政長官在上海出席第六屆虹橋國際經濟論壇「香港通道　連接全球」分論壇致辭; https://www.info.gov.hk/gia/general/202311/05/P2023110500358.htm
01-11-2023; 行政長官在香港江西社團（聯誼）總會成立五周年慶典暨第二屆會董會就職典禮致辭; https://www.info.gov.hk/gia/general/202311/01/P2023110100454.htm
31-10-2023; 行政長官在第三屆亞非女性發展與合作論壇致辭; https://www.info.gov.hk/gia/general/202310/31/P2023103100224.htm
31-10-2023; 行政長官出席「完善地區治理　共創美好社區」研討會致辭; https://www.info.gov.hk/gia/general/202310/31/P2023103100482.htm
30-10-2023; 行政長官在博鰲亞洲論壇全球經濟發展與安全論壇第二屆大會致辭; https://www.info.gov.hk/gia/general/202310/30/P2023103000201.htm
30-10-2023; 行政長官在第二屆魯港經濟合作洽談會致辭; https://www.info.gov.hk/gia/general/202310/30/P2023103000199.htm
29-10-2023; 行政長官出席香港童軍大會操2023致辭; https://www.info.gov.hk/gia/general/202310/29/P2023102900263.htm
28-10-2023; 行政長官在國際金融論壇20周年全球年會致辭; https://www.info.gov.hk/gia/general/202310/28/P2023102700715.htm
28-10-2023; 行政長官在紀念《基本法》頒布三十三周年研討會致辭; https://www.info.gov.hk/gia/general/202310/28/P2023102700711.htm
27-10-2023; 行政長官在第二屆粵港澳大灣區與成渝地區雙城經濟圈建設合作洽談會開幕式致辭; https://www.info.gov.hk/gia/general/202310/27/P2023102700213.htm
27-10-2023; 行政長官在灼見名家周年論壇暨九周年慶典致辭; https://www.info.gov.hk/gia/general/202310/27/P2023102700217.htm
25-10-2023; 行政長官向立法會發表《行政長官2023年施政報告》發言全文（十一）; https://www.info.gov.hk/gia/general/202310/25/P2023102500168.htm
25-10-2023; 行政長官向立法會發表《行政長官2023年施政報告》發言全文（十）; https://www.info.gov.hk/gia/general/202310/25/P2023102500166.htm
25-10-2023; 行政長官向立法會發表《行政長官2023年施政報告》發言全文（九）; https://www.info.gov.hk/gia/general/202310/25/P2023102500160.htm
25-10-2023; 行政長官向立法會發表《行政長官2023年施政報告》發言全文（八）; https://www.info.gov.hk/gia/general/202310/25/P2023102500154.htm
25-10-2023; 行政長官向立法會發表《行政長官2023年施政報告》發言全文（七）; https://www.info.gov.hk/gia/general/202310/25/P2023102500150.htm
25-10-2023; 行政長官向立法會發表《行政長官2023年施政報告》發言全文（六）; https://www.info.gov.hk/gia/general/202310/25/P2023102500145.htm
25-10-2023; 行政長官向立法會發表《行政長官2023年施政報告》發言全文（五）; https://www.info.gov.hk/gia/general/202310/25/P2023102500135.htm
25-10-2023; 行政長官向立法會發表《行政長官2023年施政報告》發言全文（四）; https://www.info.gov.hk/gia/general/202310/25/P2023102500127.htm
25-10-2023; 行政長官向立法會發表《行政長官2023年施政報告》發言全文（三）; https://www.info.gov.hk/gia/general/202310/25/P2023102500125.htm
25-10-2023; 行政長官向立法會發表《行政長官2023年施政報告》發言全文（二）; https://www.info.gov.hk/gia/general/202310/25/P2023102500120.htm
25-10-2023; 行政長官向立法會發表《行政長官2023年施政報告》發言全文（一）; https://www.info.gov.hk/gia/general/202310/25/P2023102500118.htm
19-10-2023; 行政長官在慶祝中華人民共和國成立74周年香港中華聯誼會創會就職典禮致辭; https://www.info.gov.hk/gia/general/202310/19/P2023101900623.htm
19-10-2023; 署理行政長官出席2023粵港澳大灣區高峰論壇──經濟創新導航致辭; https://www.info.gov.hk/gia/general/202310/19/P2023101900270.htm
18-10-2023; 行政長官在北京出席第三屆「一帶一路」國際合作高峰論壇地方合作專題論壇致辭; https://www.info.gov.hk/gia/general/202310/18/P2023101800683.htm
18-10-2023; 行政長官在北京出席第三屆「一帶一路」國際合作高峰論壇互聯互通高級別論壇致辭; https://www.info.gov.hk/gia/general/202310/18/P2023101800623.htm
17-10-2023; 行政長官在北京出席第三屆「一帶一路」國際合作高峰論壇企業家大會致辭; https://www.info.gov.hk/gia/general/202310/17/P2023101700481.htm
14-10-2023; 行政長官在香港中樂團鼓樂嘉年華及5G直播音樂會開幕式致辭; https://www.info.gov.hk/gia/general/202310/14/P2023101300550.htm
14-10-2023; 行政長官在香港江蘇各界人士慶祝中華人民共和國成立七十四周年聯歡晚宴致辭; https://www.info.gov.hk/gia/general/202310/14/P2023101300546.htm
14-10-2023; 行政長官出席杭州第19屆亞洲運動會中國香港代表團返港歡迎儀式致辭; https://www.info.gov.hk/gia/general/202310/14/P2023101400473.htm
11-10-2023; 行政長官在環渤海企業家聯盟會員大會致辭; https://www.info.gov.hk/gia/general/202310/11/P2023101100391.htm
11-10-2023; 行政長官出席新界鄉議局慶祝中華人民共和國成立七十四周年暨第三十六屆就職典禮致辭; https://www.info.gov.hk/gia/general/202310/11/P2023101100276.htm
05-10-2023; 行政長官出席香港文化藝術界慶祝中華人民共和國成立七十四周年國慶酒會致辭; https://www.info.gov.hk/gia/general/202310/05/P2023100500589.htm
01-10-2023; 行政長官出席2023年國慶煙花匯演致辭; https://www.info.gov.hk/gia/general/202310/01/P2023100100548.htm
01-10-2023; 行政長官國慶酒會致辭; https://www.info.gov.hk/gia/general/202310/01/P2023100100197.htm
29-09-2023; 行政長官出席香港中華出入口商會慶祝中華人民共和國成立74周年酒會致辭; https://www.info.gov.hk/gia/general/202309/29/P2023092900566.htm
28-09-2023; 行政長官出席香港福建社團聯會熱烈慶祝中華人民共和國成立74周年大會致辭; https://www.info.gov.hk/gia/general/202309/28/P2023092800524.htm
28-09-2023; 行政長官出席香港新聞界慶祝中華人民共和國成立74周年酒會致辭; https://www.info.gov.hk/gia/general/202309/28/P2023092800472.htm
27-09-2023; 行政長官出席香港文匯報創刊75周年慶祝儀式致辭; https://www.info.gov.hk/gia/general/202309/27/P2023092700522.htm
27-09-2023; 行政長官出席第四屆粵港澳大灣區傑出青年企業家頒獎典禮致辭; https://www.info.gov.hk/gia/general/202309/27/P2023092700489.htm
27-09-2023; 行政長官在鳳凰灣區財經論壇2023致辭; https://www.info.gov.hk/gia/general/202309/27/P2023092700228.htm
26-09-2023; 行政長官出席慶祝中華人民共和國成立七十四周年暨香港工商總會第十八屆會董會及築福香港基金會第三屆理事會就職典禮聯歡晚會致辭; https://www.info.gov.hk/gia/general/202309/26/P2023092600689.htm
26-09-2023; 行政長官在聯合出版集團35周年「閱‧無止境」高峰論壇致辭; https://www.info.gov.hk/gia/general/202309/26/P2023092600222.htm
25-09-2023; 署理行政長官出席香港潮屬各界慶祝中華人民共和國成立74週年酒會致辭; https://www.info.gov.hk/gia/general/202309/25/P2023092500676.htm
25-09-2023; 行政長官在集友銀行80周年誌慶酒會致辭; https://www.info.gov.hk/gia/general/202309/25/P2023092500256.htm
25-09-2023; 行政長官在遼港創新科技合作推介會致辭; https://www.info.gov.hk/gia/general/202309/25/P2023092500253.htm
22-09-2023; 行政長官出席「凝聚亞運會　杭港青連線」杭港青年交流活動啟動禮致辭全文; https://www.info.gov.hk/gia/general/202309/22/P2023092200712.htm
22-09-2023; 行政長官在2023世界粵商大會致辭; https://www.info.gov.hk/gia/general/202309/22/P2023092200181.htm
21-09-2023; 行政長官在「慶祝中華人民共和國成立74周年．第14屆海峽兩岸暨港澳地區藝術論壇」晚宴致辭; https://www.info.gov.hk/gia/general/202309/21/P2023092100265.htm
21-09-2023; 行政長官出席香港金融服務界慶祝中華人民共和國成立七十四周年國慶暨香港特區回歸二十六周年酒會致辭; https://www.info.gov.hk/gia/general/202309/21/P2023092100654.htm
21-09-2023; 行政長官在香港菁英會第十六屆執委會就職典禮致辭; https://www.info.gov.hk/gia/general/202309/21/P2023092100615.htm
21-09-2023; 行政長官出席香港海上液化天然氣接收站開幕典禮致辭; https://www.info.gov.hk/gia/general/202309/21/P2023092100547.htm
20-09-2023; 行政長官在華潤創立八十五周年暨華潤集團成立四十周年紀念酒會致辭; https://www.info.gov.hk/gia/general/202309/20/P2023092000727.htm
20-09-2023; 行政長官在博鰲亞洲論壇國際科技與創新論壇第三屆大會開幕式致辭; https://www.info.gov.hk/gia/general/202309/20/P2023092000219.htm
18-09-2023; 行政長官出席香港專業及資深行政人員協會十七周年誌慶典禮致辭; https://www.info.gov.hk/gia/general/202309/18/P2023091800592.htm
15-09-2023; 行政長官出席香江智滙成立10周年慶典致辭; https://www.info.gov.hk/gia/general/202309/15/P2023091500651.htm
15-09-2023; 行政長官在「家國情懷──宋慶齡生平展」開幕典禮致辭; https://www.info.gov.hk/gia/general/202309/15/P2023091500233.htm
14-09-2023; 行政長官在首屆粤港澳大灣區發展工商大會開幕式致辭; https://www.info.gov.hk/gia/general/202309/14/P2023091400212.htm
11-09-2023; 行政長官出席羣力資源中心25周年暨第16屆香港青少年軍事夏令營慶祝晚會致辭; https://www.info.gov.hk/gia/general/202309/11/P2023091100698.htm
07-09-2023; 行政長官出席《東周刊》二十周年慶祝午宴暨「香港經典品牌」2023頒獎典禮致辭; https://www.info.gov.hk/gia/general/202309/07/P2023090700373.htm
07-09-2023; 行政長官在香港科學園深圳分園開幕典禮致辭; https://www.info.gov.hk/gia/general/202309/07/P2023090700239.htm
06-09-2023; 行政長官在香港重慶總會慶祝中華人民共和國成立74周年暨香港重慶總會第六屆理事會就職典禮致辭; https://www.info.gov.hk/gia/general/202309/06/P2023090600722.htm
04-09-2023; 行政長官在星島新聞集團「中國宏觀經濟暨大灣區融合」論壇2023致辭; https://www.info.gov.hk/gia/general/202309/04/P2023090400277.htm
15-08-2023; 行政長官在創新科技與藝術發展高峰論壇2023致辭; https://www.info.gov.hk/gia/general/202308/15/P2023081400310.htm
12-08-2023; 行政長官在慶祝香港回歸祖國二十六週年暨海南省港區政協委員聯誼會第四屆會董就職典禮致辭; https://www.info.gov.hk/gia/general/202308/12/P2023081100666.htm
02-08-2023; 行政長官出席香港山東社團總會慶祝中華人民共和國成立74周年暨香港特別行政區成立26周年第二屆理監事就職典禮致辭; https://www.info.gov.hk/gia/general/202308/02/P2023080200589.htm
02-08-2023; 行政長官在中央廣播電視總台CGTN紀錄頻道中國藝術香港展播季發布儀式致辭; https://www.info.gov.hk/gia/general/202308/02/P2023080200435.htm
02-08-2023; 行政長官出席激發香港「興」的動能座談會致辭; https://www.info.gov.hk/gia/general/202308/02/P2023080200374.htm
01-08-2023; 行政長官在川港創新發展主題論壇及四川省香港商會十周年慶晚宴致辭; https://www.info.gov.hk/gia/general/202308/01/P2023080100285.htm
26-07-2023; 署理行政長官出席2023年「青年節@HK」啟動禮致辭; https://www.info.gov.hk/gia/general/202307/26/P2023072600580.htm
25-07-2023; 署理行政長官出席烏蘭巴托2023東亞青年運動會及杭州第19屆亞運會中國香港代表團授旗典禮致辭; https://www.info.gov.hk/gia/general/202307/25/P2023072500671.htm
22-07-2023; 行政長官在「創建『文化大灣區』計劃」──大灣區文學交流講座暨大灣區文學徵文獎頒獎禮致辭; https://www.info.gov.hk/gia/general/202307/22/P2023072100453.htm
22-07-2023; 行政長官在善德關愛科研青年發展計劃──2023北京、南京航天科技考察團啟動禮致辭; https://www.info.gov.hk/gia/general/202307/22/P2023072100452.htm
21-07-2023; 行政長官在蘇港澳基礎教育合作聯盟成立大會致辭; https://www.info.gov.hk/gia/general/202307/21/P2023072100160.htm
19-07-2023; 行政長官出席香港青年協會賽馬會赤柱戶外訓練營開幕禮致辭; https://www.info.gov.hk/gia/general/202307/19/P2023071900295.htm
18-07-2023; 行政長官出席香港法治營商環境──法律高峰論壇2023致辭; https://www.info.gov.hk/gia/general/202307/18/P2023071800283.htm
13-07-2023; 行政長官在「行政長官表揚榜」頒獎典禮致辭; https://www.info.gov.hk/gia/general/202307/13/P2023071300513.htm
10-07-2023; 行政長官於「信報50周年呈獻：未來香港高峰論壇」致辭全文; https://www.info.gov.hk/gia/general/202307/10/P2023071000258.htm
07-07-2023; 署理行政長官主持行政長官卓越教學獎（2022/2023）頒獎典禮致辭; https://www.info.gov.hk/gia/general/202307/07/P2023070700533.htm
03-07-2023; 行政長官出席香港特別行政區成立26周年暨自由黨創黨30周年慶祝酒會致辭; https://www.info.gov.hk/gia/general/202307/03/P2023070300669.htm
03-07-2023; 行政長官在「同心迎亞運‧攜手向未來」港澳青年浙江行活動啓動儀式致辭; https://www.info.gov.hk/gia/general/202307/03/P2023070300213.htm
01-07-2023; 行政長官出席香港特別行政區成立二十六周年酒會致辭; https://www.info.gov.hk/gia/general/202307/01/P2023070100222.htm
30-06-2023; 行政長官出席港區婦聯代表聯誼會慶祝香港回歸祖國二十六周年暨第八屆理事會就職典禮致辭; https://www.info.gov.hk/gia/general/202306/30/P2023063000643.htm
30-06-2023; 行政長官出席香港各界慶典委員會慶祝香港回歸祖國26周年活動啓動禮致辭; https://www.info.gov.hk/gia/general/202306/30/P2023063000230.htm
28-06-2023; 行政長官出席慶祝香港回歸祖國26周年暨香港北京社團總會成立暨第一屆理事會就職典禮致辭; https://www.info.gov.hk/gia/general/202306/28/P2023062800700.htm
27-06-2023; 行政長官出席香港福建社團聯會熱烈慶祝香港回歸祖國二十六周年暨第十三屆會董就職典禮致辭; https://www.info.gov.hk/gia/general/202306/27/P2023062700631.htm
27-06-2023; 行政長官在2023甬港經濟合作論壇致辭; https://www.info.gov.hk/gia/general/202306/27/P2023062600644.htm
26-06-2023; 行政長官在2023港澳•浙江周開幕式暨浙港攜手合作主題論壇致辭; https://www.info.gov.hk/gia/general/202306/26/P2023062600587.htm
26-06-2023; 行政長官在「匯聚金融 智創未來」研討會暨香港經濟日報企業大獎頒獎禮2023致辭; https://www.info.gov.hk/gia/general/202306/26/P2023062600490.htm
21-06-2023; 行政長官在2022年傑出領袖選舉頒獎典禮致辭; https://www.info.gov.hk/gia/general/202306/21/P2023062100835.htm
18-06-2023; 行政長官出席香港創科展2022-2023頒奬典禮致辭; https://www.info.gov.hk/gia/general/202306/18/P2023061800574.htm
17-06-2023; 行政長官出席國家安全教育中心IPLSA第二期國家安全教育認可導師資格課程畢業典禮致辭; https://www.info.gov.hk/gia/general/202306/17/P2023061700574.htm
17-06-2023; 行政長官在第十七屆香港藝術發展獎頒獎典禮致辭; https://www.info.gov.hk/gia/general/202306/17/P2023061600494.htm
16-06-2023; 行政長官在香港科技大學（廣州）iNNOTECH創科嘉年華暨周年慶典致辭; https://www.info.gov.hk/gia/general/202306/16/P2023061600265.htm
09-06-2023; 行政長官在2023財新夏季峰會香港場致辭; https://www.info.gov.hk/gia/general/202306/09/P2023060900214.htm
08-06-2023; 行政長官出席慶祝香港回歸祖國26週年、香港友好協進會成立34週年暨第九屆董事會就職典禮晚會致辭; https://www.info.gov.hk/gia/general/202306/08/P2023060800680.htm
08-06-2023; 行政長官出席香港工業總會「工業家論壇2023──創科新時代　工業啟新章」致辭; https://www.info.gov.hk/gia/general/202306/08/P2023060800219.htm
03-06-2023; 行政長官在香港再出發大聯盟三周年誌慶「踏上新征程 香港再出發」酒會致辭; https://www.info.gov.hk/gia/general/202306/03/P2023060300472.htm
01-06-2023; 行政長官在香港零售高峰會2023致辭; https://www.info.gov.hk/gia/general/202306/01/P2023060100327.htm
31-05-2023; 行政長官在香港四川社團總會第一屆理事會就職典禮暨四川熊貓文化藝術節啟動儀式致辭; https://www.info.gov.hk/gia/general/202305/31/P2023053100720.htm
30-05-2023; 行政長官在「2023港澳山東周」山東省高質量發展開放合作推介會致辭; https://www.info.gov.hk/gia/general/202305/30/P2023053000261.htm
29-05-2023; 行政長官出席博鰲亞洲論壇全球經濟發展與安全論壇第二屆大會推介會致辭; https://www.info.gov.hk/gia/general/202305/29/P2023052900277.htm
29-05-2023; 行政長官在香港社福開新篇高峰會暨香港社福界心連心大行動成立典禮致辭; https://www.info.gov.hk/gia/general/202305/29/P2023052900229.htm
26-05-2023; 行政長官在深圳出席「港•潮流」購物節開幕式致辭; https://www.info.gov.hk/gia/general/202305/26/P2023052600589.htm
24-05-2023; 行政長官在香港汕頭社團總會第一屆會董會就職典禮致辭; https://www.info.gov.hk/gia/general/202305/24/P2023052400216.htm
24-05-2023; 行政長官在廣州出席「粵港合作周」啓動儀式暨SmartHK「推動高質量發展‧香港論壇」開幕式致辭; https://www.info.gov.hk/gia/general/202305/24/P2023052400287.htm
22-05-2023; 行政長官在第八屆粤港澳溫州人大會──粤港澳‧溫州合作發展論壇致辭; https://www.info.gov.hk/gia/general/202305/22/P2023052200199.htm
21-05-2023; 行政長官在2023大灣區科學論壇開幕式致辭; https://www.info.gov.hk/gia/general/202305/21/P2023051900261.htm
21-05-2023; 行政長官出席香港遊樂場協會90周年會慶匯演致辭; https://www.info.gov.hk/gia/general/202305/21/P2023052100441.htm
21-05-2023; 行政長官在復旦首席經濟學家香港論壇致辭; https://www.info.gov.hk/gia/general/202305/21/P2023051900259.htm
20-05-2023; 行政長官出席第十五屆「香港盃」外交知識競賽決賽暨頒獎典禮致辭; https://www.info.gov.hk/gia/general/202305/20/P2023052000527.htm
20-05-2023; 行政長官在2023大灣區科學論壇「粵港澳科創新發展」分論壇致辭; https://www.info.gov.hk/gia/general/202305/20/P2023051900257.htm
17-05-2023; 行政長官在2023華僑華人粵港澳大灣區大會致辭; https://www.info.gov.hk/gia/general/202305/17/P2023051700181.htm
15-05-2023; 行政長官在互換通上線儀式致辭; https://www.info.gov.hk/gia/general/202305/15/P2023051500196.htm
11-05-2023; 行政長官在重慶出席渝港高層會晤暨渝港合作會議第一次會議致辭全文; https://www.info.gov.hk/gia/general/202305/11/P2023051100609.htm
08-05-2023; 行政長官在2023齊惜福慈善籌款晚宴致辭; https://www.info.gov.hk/gia/general/202305/08/P2023050800717.htm
06-05-2023; 行政長官在國風國韻飄香江----中央歌劇院中外經典歌劇選段音樂會開幕典禮致辭; https://www.info.gov.hk/gia/general/202305/06/P2023050600656.htm
06-05-2023; 行政長官在香港島各界聯合會第十屆理事會暨香港島各界社會服務基金會第四屆董事會就職典禮致辭; https://www.info.gov.hk/gia/general/202305/06/P2023050600588.htm
05-05-2023; 行政長官出席香港報業公會2022年香港最佳新聞獎頒獎禮致辭全文; https://www.info.gov.hk/gia/general/202305/05/P2023050500429.htm
04-05-2023; 行政長官在廣州琶洲港澳客運碼頭開港首航儀式致辭; https://www.info.gov.hk/gia/general/202305/04/P2023050300630.htm
02-05-2023; 行政長官在新界社團聯會成立38周年會慶暨第十四屆常務理事會就職典禮致辭; https://www.info.gov.hk/gia/general/202305/02/P2023050200683.htm
29-04-2023; 行政長官出席香港植樹日2023致辭; https://www.info.gov.hk/gia/general/202304/29/P2023042900319.htm
29-04-2023; 行政長官在香港小輪集團百周年慶典致辭; https://www.info.gov.hk/gia/general/202304/29/P2023042900254.htm
28-04-2023; 行政長官在勞動節酒會致辭; https://www.info.gov.hk/gia/general/202304/28/P2023042800562.htm
28-04-2023; 行政長官出席「開心香港」啟動禮致辭; https://www.info.gov.hk/gia/general/202304/28/P2023042800547.htm
27-04-2023; 行政長官在香港中華出入口商會第36屆會董就職典禮致辭; https://www.info.gov.hk/gia/general/202304/27/P2023042700542.htm
27-04-2023; 行政長官在「光明科學城論壇‧2023」開幕式致辭; https://www.info.gov.hk/gia/general/202304/27/P2023042700240.htm
26-04-2023; 行政長官在粵港澳大灣區消費季暨第三屆直播電商節啓動儀式致辭; https://www.info.gov.hk/gia/general/202304/26/P2023042600246.htm
26-04-2023; 行政長官出席香港區潮人聯會第五屆會董會就職典禮致辭; https://www.info.gov.hk/gia/general/202304/26/P2023042600472.htm
25-04-2023; 行政長官在五‧一國際勞動節慶祝工聯會成立75周年暨「服務市民走在前」系列行動啟動禮致辭; https://www.info.gov.hk/gia/general/202304/25/P2023042500440.htm
22-04-2023; 行政長官在2023「壯族三月三」走進港澳系列活動香港啓動儀式暨香港廣西社團總會抗疫義工嘉許禮致辭; https://www.info.gov.hk/gia/general/202304/22/P2023042100729.htm
21-04-2023; 行政長官在中國香港（地區）商會2023年．成立30周年慶典致辭; https://www.info.gov.hk/gia/general/202304/21/P2023042100725.htm
20-04-2023; 行政長官在山東省香港商會周年晚會暨魯港合作交流晚宴致辭; https://www.info.gov.hk/gia/general/202304/20/P2023042000607.htm
19-04-2023; 行政長官出席滬港社團總會成立慶典致辭; https://www.info.gov.hk/gia/general/202304/19/P2023041900909.htm
19-04-2023; 行政長官出席消防處結業會操致辭; https://www.info.gov.hk/gia/general/202304/19/P2023041900637.htm
15-04-2023; 行政長官在第二屆「國家安全教育通通識」校際挑戰賽總決賽暨頒獎禮致辭; https://www.info.gov.hk/gia/general/202304/15/P2023041400619.htm
15-04-2023; 行政長官在2023年香港愛國主義教育高峰論壇暨香港教育工作者聯會第20屆理事會就職典禮致辭; https://www.info.gov.hk/gia/general/202304/15/P2023041400618.htm
15-04-2023; 行政長官出席「全民國家安全教育日」開幕典禮致辭; https://www.info.gov.hk/gia/general/202304/15/P2023041500257.htm
14-04-2023; 行政長官在福布斯中國2023大灣區ESG經濟論壇致辭; https://www.info.gov.hk/gia/general/202304/14/P2023041400617.htm
13-04-2023; 行政長官在「2023京港青年科創人才發展峰會（香港）」開幕式致辭; https://www.info.gov.hk/gia/general/202304/13/P2023041300237.htm
11-04-2023; 行政長官出席香港Web 3.0協會成立典禮致辭; https://www.info.gov.hk/gia/general/202304/11/P2023041100470.htm
02-04-2023; 行政長官在「名師高徒」導師計劃2023啓動禮致辭; https://www.info.gov.hk/gia/general/202304/02/P2023033100496.htm
31-03-2023; 行政長官出席「僑界凝心聚力　香港再創輝煌」大會致辭; https://www.info.gov.hk/gia/general/202303/31/P2023033100699.htm
31-03-2023; 行政長官在滬港創新發展主題論壇致辭; https://www.info.gov.hk/gia/general/202303/31/P2023033100290.htm
29-03-2023; 行政長官在甘肅--香港投資合作推介會致辭; https://www.info.gov.hk/gia/general/202303/29/P2023032900242.htm
29-03-2023; 行政長官在中山大學附屬第一醫院南沙院區啓用儀式致辭; https://www.info.gov.hk/gia/general/202303/29/P2023032900238.htm
24-03-2023; 行政長官出席香港海關學員結業會操致辭; https://www.info.gov.hk/gia/general/202303/24/P2023032400631.htm
24-03-2023; 行政長官在2023福建省香港商會新春團拜晚會致辭; https://www.info.gov.hk/gia/general/202303/24/P2023032400230.htm
24-03-2023; 行政長官在香港善德基金會第五屆董事局就職典禮致辭; https://www.info.gov.hk/gia/general/202303/24/P2023032400229.htm
23-03-2023; 行政長官在「你好，香港！」華東地區推廣香港酒會致辭; https://www.info.gov.hk/gia/general/202303/23/P2023032300233.htm
23-03-2023; 行政長官在香港廣州社團總會成立八周年會慶、香港廣州青年總會就職儀式致辭; https://www.info.gov.hk/gia/general/202303/23/P2023032300253.htm
21-03-2023; 行政長官在廣東省2023年春茗（香港）致辭; https://www.info.gov.hk/gia/general/202303/21/P2023032100654.htm
17-03-2023; 署理行政長官出席中國建築國際集團院士工作站揭牌儀式致辭; https://www.info.gov.hk/gia/general/202303/17/P2023031700682.htm
17-03-2023; 行政長官在北京出席香港北京高校校友聯盟「肩負使命　共創未來」在京港生座談會致辭; https://www.info.gov.hk/gia/general/202303/17/P2023031700319.htm
15-03-2023; 行政長官出席 《內地與香港關於加快建設香港國際創新科技中心的安排》簽署儀式致辭; https://www.info.gov.hk/gia/general/202303/15/P2023031500254.htm
08-03-2023; 行政長官出席二○二三年國際婦女節酒會致辭; https://www.info.gov.hk/gia/general/202303/08/P2023030800668.htm
02-03-2023; 行政長官在2023年春茗暨天津市香港商會成立15周年活動致辭; https://www.info.gov.hk/gia/general/202303/02/P2023030200402.htm
26-02-2023; 行政長官宴請國家男子籃球隊致辭; https://www.info.gov.hk/gia/general/202302/26/P2023022600583.htm
25-02-2023; 行政長官在浙江省香港商會2023年迎春晚會致辭; https://www.info.gov.hk/gia/general/202302/25/P2023022400593.htm
20-02-2023; 行政長官出席香港經濟民生聯盟10周年慶典暨晚宴致辭; https://www.info.gov.hk/gia/general/202302/20/P2023022000674.htm
20-02-2023; 行政長官在天津（香港）投資環境推介會致辭; https://www.info.gov.hk/gia/general/202302/20/P2023022000323.htm
20-02-2023; 行政長官宴請特區救援隊致辭; https://www.info.gov.hk/gia/general/202302/20/P2023022000359.htm
18-02-2023; 行政長官出席香港廣東社團總會癸卯年新春團拜酒會致辭; https://www.info.gov.hk/gia/general/202302/18/P2023021800446.htm
18-02-2023; 行政長官出席香港特別行政區救援隊赴土耳其救災返港儀式致辭; https://www.info.gov.hk/gia/general/202302/18/P2023021800051.htm
17-02-2023; 行政長官出席第51屆香港藝術節開幕典禮致辭; https://www.info.gov.hk/gia/general/202302/17/P2023021700635.htm
16-02-2023; 行政長官在國際調解院籌備辦公室成立儀式致辭; https://www.info.gov.hk/gia/general/202302/16/P2023021600287.htm
10-02-2023; 行政長官出席「合作共贏創新發展」阿聯酋中國商會香港經貿代表團聯誼午餐會致辭; https://www.info.gov.hk/gia/general/202302/10/P2023021000566.htm
03-02-2023; 行政長官出席香港江蘇社團總會2023年慶新春賀元宵聯歡晚宴致辭; https://www.info.gov.hk/gia/general/202302/03/P2023020300634.htm
03-02-2023; 行政長官在紀念東江縱隊港九獨立大隊成立八十周年大會致辭; https://www.info.gov.hk/gia/general/202302/03/P2023020200573.htm
02-02-2023; 行政長官在香港中華廠商聯合會癸卯（兔）年新春團拜致辭; https://www.info.gov.hk/gia/general/202302/02/P2023020200446.htm
02-02-2023; 行政長官出席「你好，香港！」啓動禮致辭; https://www.info.gov.hk/gia/general/202302/02/P2023020200518.htm
01-02-2023; 行政長官出席香港中華總商會癸卯年新春團拜致辭; https://www.info.gov.hk/gia/general/202302/01/P2023020100530.htm
31-01-2023; 行政長官出席香港福建社團聯會2023年新春團拜致辭; https://www.info.gov.hk/gia/general/202301/31/P2023013100455.htm
19-01-2023; 行政長官出席百仁基金第14屆理事會就職典禮致辭; https://www.info.gov.hk/gia/general/202301/19/P2023011900696.htm
19-01-2023; 行政長官在「歡樂春節」中國春節文化全球聯展香港站啟動儀式致辭; https://www.info.gov.hk/gia/general/202301/19/P2023011900334.htm
18-01-2023; 行政長官出席2022年特區政府施政十件大事評選頒獎典禮致辭; https://www.info.gov.hk/gia/general/202301/18/P2023011800598.htm
16-01-2023; 行政長官出席香港特區青年赴聯合國系統任職發佈儀式致辭; https://www.info.gov.hk/gia/general/202301/16/P2023011600535.htm
12-01-2023; 行政長官出席民主思路七周年籌款晚宴致辭; https://www.info.gov.hk/gia/general/202301/12/P2023011200647.htm
06-01-2023; 行政長官出席黃大仙地區康健中心開幕禮致辭; https://www.info.gov.hk/gia/general/202301/06/P2023010600462.htm
30-12-2024; 行政長官在第十四屆「央視財經論壇‧香港」致辭; https://www.info.gov.hk/gia/general/202412/30/P2024123000217.htm
17-12-2024; 行政長官在浙江省香港商會成立11周年慶典致辭; https://www.info.gov.hk/gia/general/202412/17/P2024121700216.htm
17-12-2024; 行政長官出席香港經濟民生聯盟12周年慶典暨籌款晚宴致辭; https://www.info.gov.hk/gia/general/202412/17/P2024121700555.htm
16-12-2024; 行政長官在2023-24香港工商業獎頒獎典禮致辭; https://www.info.gov.hk/gia/general/202412/16/P2024121600258.htm
11-12-2024; 行政長官在「HELLO PANDAS熊貓駕到」戶外嘉年華致辭; https://www.info.gov.hk/gia/general/202412/11/P2024121100225.htm
11-12-2024; 行政長官在第二屆粵港澳大灣區發展工商大會開幕式致辭; https://www.info.gov.hk/gia/general/202412/11/P2024121100263.htm
09-12-2024; 行政長官在香港青年聯會第三十二屆會慶及會董會就職典禮致辭; https://www.info.gov.hk/gia/general/202412/09/P2024120900310.htm
07-12-2024; 行政長官出席大熊貓亮相儀式致辭; https://www.info.gov.hk/gia/general/202412/07/P2024120700391.htm
04-12-2024; 行政長官出席香港體育學院新設施大樓啟用典禮致辭; https://www.info.gov.hk/gia/general/202412/04/P2024120400491.htm
04-12-2024; 行政長官在全港學界國家安全常識挑戰賽2024/25啓動禮致辭; https://www.info.gov.hk/gia/general/202412/04/P2024120400382.htm
04-12-2024; 行政長官出席二○二四年「國家憲法日」座談會致辭; https://www.info.gov.hk/gia/general/202412/04/P2024120400310.htm
02-12-2024; 行政長官在香港潮州商會第54屆會董會就職典禮致辭; https://www.info.gov.hk/gia/general/202412/02/P2024120200250.htm
02-12-2024; 行政長官出席香港經濟峰會2025致辭; https://www.info.gov.hk/gia/general/202412/02/P2024120200342.htm
02-12-2024; 行政長官在香港環境卓越大奬頒獎典禮致辭; https://www.info.gov.hk/gia/general/202412/02/P2024120200249.htm
30-11-2024; 行政長官在粵港澳大灣區企業家聯盟七周年盛典系列之大灣區之夜暨傑出ESG表現嘉許禮致辭; https://www.info.gov.hk/gia/general/202411/30/P2024112900622.htm
29-11-2024; 行政長官出席企業參與北部都會區發展簽署儀式致辭; https://www.info.gov.hk/gia/general/202411/29/P2024112900433.htm
28-11-2024; 行政長官在香港中華總商會第54屆會董就職典禮致辭; https://www.info.gov.hk/gia/general/202411/28/P2024112800405.htm
28-11-2024; 行政長官出席三跑道系統啟用典禮致辭; https://www.info.gov.hk/gia/general/202411/28/P2024112800431.htm
28-11-2024; 行政長官出席領航「9+2」第五屆粵港澳大灣區發展論壇暨頒獎典禮致辭; https://www.info.gov.hk/gia/general/202411/28/P2024112800230.htm
27-11-2024; 行政長官在國際汽車及供應鏈（香港）高峰論壇致辭; https://www.info.gov.hk/gia/general/202411/27/P2024112600483.htm
25-11-2024; 行政長官在廣州出席粵港深化經貿投資合作交流會致辭; https://www.info.gov.hk/gia/general/202411/25/P2024112500408.htm
23-11-2024; 行政長官在香港教育大學三十周年校慶晚宴致辭; https://www.info.gov.hk/gia/general/202411/23/P2024112200404.htm
22-11-2024; 行政長官在山東省香港商會15周年慶典暨魯港創新合作交流晚宴致辭; https://www.info.gov.hk/gia/general/202411/22/P2024112200400.htm
22-11-2024; 行政長官出席香港人工智能科普培訓基地成立典禮及百度智能雲（香港）人工智能創新中心落成簽署儀式致辭; https://www.info.gov.hk/gia/general/202411/22/P2024112200454.htm
21-11-2024; 行政長官出席中國人民解放軍海軍31艦編隊訪問香港歡迎儀式致辭; https://www.info.gov.hk/gia/general/202411/21/P2024112100546.htm
21-11-2024; 行政長官出席豐功偉業──中華人民共和國成立75周年輝煌成就圖片精粹校園巡迴展覽啟動禮致辭; https://www.info.gov.hk/gia/general/202411/21/P2024112100501.htm
21-11-2024; 行政長官在2024首屆紫荊中醫藥國際峰會致辭; https://www.info.gov.hk/gia/general/202411/21/P2024112100204.htm
18-11-2024; 署理行政長官出席香港交易所互聯互通十周年高峰論壇致辭; https://www.info.gov.hk/gia/general/202411/18/P2024111800247.htm
17-11-2024; 行政長官在2024大灣區科學論壇開幕式致辭; https://www.info.gov.hk/gia/general/202411/17/P2024111500713.htm
15-11-2024; 行政長官在2024粵港澳院士峰會暨廣東院士聯合會10周年學術年會致辭; https://www.info.gov.hk/gia/general/202411/15/P2024111500710.htm
11-11-2024; 行政長官出席港九勞工社團聯會四十週年慶典暨晚宴致辭; https://www.info.gov.hk/gia/general/202411/11/P2024111100552.htm
11-11-2024; 行政長官出席灼見名家周年論壇暨十周年慶典致辭; https://www.info.gov.hk/gia/general/202411/11/P2024111100212.htm
09-11-2024; 行政長官在第十五屆全國運動會和全國第十二屆殘疾人運動會暨第九屆特殊奧林匹克運動會倒計時一周年啓動儀式（廣州賽區）致辭; https://www.info.gov.hk/gia/general/202411/09/P2024110800614.htm
09-11-2024; 行政長官出席十五運會和殘特奧會倒計時一周年活動（香港賽區）致辭; https://www.info.gov.hk/gia/general/202411/09/P2024110900548.htm
08-11-2024; 行政長官在2024粵港澳大灣區全球招商大會致辭; https://www.info.gov.hk/gia/general/202411/08/P2024110800411.htm
05-11-2024; 行政長官在2024投資香港推介大會──上海專場致辭; https://www.info.gov.hk/gia/general/202411/05/P2024110500462.htm
31-10-2024; 行政長官出席香港婦協慶祝中華人民共和國75周年晚宴暨名譽會長就職典禮致辭; https://www.info.gov.hk/gia/general/202410/31/P2024103100583.htm
31-10-2024; 行政長官在2024粵港澳大灣區服務貿易大會開幕式致辭; https://www.info.gov.hk/gia/general/202410/31/P2024103100198.htm
27-10-2024; 行政長官出席香港童軍大會操2024致辭; https://www.info.gov.hk/gia/general/202410/27/P2024102700251.htm
26-10-2024; 行政長官在第七屆「紫荊杯」-全港中小學生「慶祝中華人民共和國成立75周年」知識競賽頒獎典禮致辭; https://www.info.gov.hk/gia/general/202410/26/P2024102500500.htm
26-10-2024; 行政長官在善德關愛科研青年發展計劃----北京、西安航天科技考察團研習成果匯報頒獎典禮與航天科研探索致辭; https://www.info.gov.hk/gia/general/202410/26/P2024102500501.htm
25-10-2024; 行政長官在慶祝中華人民共和國成立75周年、香港特別行政區成立27周年暨福建省香港商會五周年慶晚宴致辭; https://www.info.gov.hk/gia/general/202410/25/P2024102500497.htm
20-10-2024; 行政長官出席「2024金融街論壇年會」閉幕式致辭; https://www.info.gov.hk/gia/general/202410/20/P2024102000500.htm
19-10-2024; 行政長官在第四屆粵港澳大灣區文化藝術節開幕典禮致辭; https://www.info.gov.hk/gia/general/202410/19/P2024101800213.htm
16-10-2024; 行政長官向立法會發表《行政長官2024年施政報告》發言全文（十一）; https://www.info.gov.hk/gia/general/202410/16/P2024101600171.htm
16-10-2024; 行政長官向立法會發表《行政長官2024年施政報告》發言全文（十）; https://www.info.gov.hk/gia/general/202410/16/P2024101600165.htm
16-10-2024; 行政長官向立法會發表《行政長官2024年施政報告》發言全文（九）; https://www.info.gov.hk/gia/general/202410/16/P2024101600160.htm
16-10-2024; 行政長官向立法會發表《行政長官2024年施政報告》發言全文（八）; https://www.info.gov.hk/gia/general/202410/16/P2024101600157.htm
16-10-2024; 行政長官向立法會發表《行政長官2024年施政報告》發言全文（七）; https://www.info.gov.hk/gia/general/202410/16/P2024101600150.htm
16-10-2024; 行政長官向立法會發表《行政長官2024年施政報告》發言全文（六）; https://www.info.gov.hk/gia/general/202410/16/P2024101600145.htm
16-10-2024; 行政長官向立法會發表《行政長官2024年施政報告》發言全文（五）; https://www.info.gov.hk/gia/general/202410/16/P2024101600137.htm
16-10-2024; 行政長官向立法會發表《行政長官2024年施政報告》發言全文（四）; https://www.info.gov.hk/gia/general/202410/16/P2024101600130.htm
16-10-2024; 行政長官向立法會發表《行政長官2024年施政報告》發言全文（三）; https://www.info.gov.hk/gia/general/202410/16/P2024101600129.htm
16-10-2024; 行政長官向立法會發表《行政長官2024年施政報告》發言全文（二）; https://www.info.gov.hk/gia/general/202410/16/P2024101600128.htm
16-10-2024; 行政長官向立法會發表《行政長官2024年施政報告》發言全文（一）; https://www.info.gov.hk/gia/general/202410/16/P2024101600127.htm
15-10-2024; 行政長官在遼寧省香港商會成立十週年慶典晚宴致辭; https://www.info.gov.hk/gia/general/202410/15/P2024101500434.htm
08-10-2024; 行政長官出席2024粵港澳大灣區高峰論壇──掌握優勢　創建未來致辭; https://www.info.gov.hk/gia/general/202410/08/P2024100800203.htm
07-10-2024; 行政長官出席香港文化藝術界慶祝中華人民共和國成立75周年酒會致辭; https://www.info.gov.hk/gia/general/202410/07/P2024100700408.htm
07-10-2024; 行政長官出席「走進香港　走進香港電影」九龍城寨之圍城電影展開幕禮致辭; https://www.info.gov.hk/gia/general/202410/07/P2024100700242.htm
03-10-2024; 行政長官出席香港福建社團聯會中華人民共和國成立七十五周年華誕晚宴致辭; https://www.info.gov.hk/gia/general/202410/03/P2024100300597.htm
01-10-2024; 行政長官出席國慶七十五周年煙花大匯演致辭; https://www.info.gov.hk/gia/general/202410/01/P2024100100544.htm
01-10-2024; 行政長官國慶酒會致辭; https://www.info.gov.hk/gia/general/202410/01/P2024100100195.htm
27-09-2024; 行政長官出席香港新聞界慶祝中華人民共和國成立七十五周年酒會致辭; https://www.info.gov.hk/gia/general/202409/27/P2024092700429.htm
27-09-2024; 行政長官出席新界鄉議局慶祝中華人民共和國成立75周年暨香港回歸祖國27周年酒會致辭; https://www.info.gov.hk/gia/general/202409/27/P2024092700279.htm
25-09-2024; 行政長官出席團結香港基金十週年慶祝酒會致辭; https://www.info.gov.hk/gia/general/202409/25/P2024092500537.htm
23-09-2024; 行政長官出席香港潮屬各界慶祝中華人民共和國成立七十五周年酒會致辭; https://www.info.gov.hk/gia/general/202409/23/P2024092300541.htm
23-09-2024; 行政長官出席香港體育界慶祝中華人民共和國成立75周年酒會致辭; https://www.info.gov.hk/gia/general/202409/23/P2024092300462.htm
20-09-2024; 署理行政長官出席香港金融服務界慶祝中華人民共和國成立七十五周年酒會致辭; https://www.info.gov.hk/gia/general/202409/20/P2024092000612.htm
20-09-2024; 行政長官在第27屆「北京‧香港經濟合作研討洽談會暨投資香港推介大會」開幕式致辭; https://www.info.gov.hk/gia/general/202409/20/P2024092000261.htm
19-09-2024; 行政長官在《關於發展新質生產力推進新型工業化的合作協議》簽署儀式致辭; https://www.info.gov.hk/gia/general/202409/19/P2024091900622.htm
16-09-2024; 行政長官在香港友好協進會國慶75週年音樂會致辭; https://www.info.gov.hk/gia/general/202409/16/P2024091600383.htm
16-09-2024; 行政長官出席香港專業及資深行政人員協會慶祝中華人民共和國成立七十五周年暨十八周年誌慶晚宴致辭; https://www.info.gov.hk/gia/general/202409/16/P2024091600550.htm
16-09-2024; 行政長官在香港工商界婦女慶祝中華人民共和國成立75週年午餐會致辭; https://www.info.gov.hk/gia/general/202409/16/P2024091600380.htm
16-09-2024; 行政長官出席巴黎2024殘疾人奧運會中國香港代表團返港歡迎儀式致辭; https://www.info.gov.hk/gia/general/202409/16/P2024091600269.htm
13-09-2024; 行政長官出席香港蘇浙滬各界人士慶祝中華人民共和國成立七十五周年晚宴致辭; https://www.info.gov.hk/gia/general/202409/13/P2024091300695.htm
12-09-2024; 行政長官出席香港中華廠商聯合會90周年誌慶酒會暨晚宴致辭; https://www.info.gov.hk/gia/general/202409/12/P2024091200611.htm
10-09-2024; 行政長官在「勇立潮頭大灣區」──中央廣播電視總台系列融媒體行動發布活動致辭; https://www.info.gov.hk/gia/general/202409/10/P2024091000200.htm
10-09-2024; 行政長官出席「『天下為公』·中華情」2024港粵澳台青年企業家峰會開幕式致辭; https://www.info.gov.hk/gia/general/202409/10/P2024091000197.htm
09-09-2024; 行政長官在2024青海--香港經貿交流合作主推介活動致辭; https://www.info.gov.hk/gia/general/202409/09/P2024090600777.htm
07-09-2024; 行政長官出席第八屆香港義工聯盟傑出義工嘉許禮致辭; https://www.info.gov.hk/gia/general/202409/07/P2024090700515.htm
04-09-2024; 行政長官出席陝西高質量開放合作交流會致辭; https://www.info.gov.hk/gia/general/202409/04/P2024090400221.htm
03-09-2024; 行政長官出席香港抗戰及海防博物館揭幕典禮致辭; https://www.info.gov.hk/gia/general/202409/03/P2024090300529.htm
02-09-2024; 行政長官在香港城市大學（東莞）首屆開學典禮致辭; https://www.info.gov.hk/gia/general/202409/02/P2024090200442.htm
02-09-2024; 行政長官出席香港中華聯誼會「2024科技＋新質生產力高峰論壇」致辭; https://www.info.gov.hk/gia/general/202409/02/P2024090200465.htm
31-08-2024; 行政長官在國泰航空「飛躍理想計劃」畢業典禮致辭; https://www.info.gov.hk/gia/general/202408/31/P2024083000559.htm
30-08-2024; 行政長官出席奧運健兒大匯演致辭; https://www.info.gov.hk/gia/general/202408/30/P2024083000697.htm
29-08-2024; 行政長官出席二○二四年巴黎奧運會內地奧運健兒代表團歡迎晚宴致辭; https://www.info.gov.hk/gia/general/202408/29/P2024082900596.htm
29-08-2024; 行政長官出席二○二四年巴黎奧運會內地奧運健兒代表團抵港歡迎會致辭; https://www.info.gov.hk/gia/general/202408/29/P2024082900563.htm
29-08-2024; 行政長官出席香港中華出入口商會「洞悉銳變　智贏未來」經濟論壇致辭; https://www.info.gov.hk/gia/general/202408/29/P2024082900205.htm
28-08-2024; 行政長官出席慶祝中華人民共和國成立七十五周年、香港回歸祖國二十七周年香港遼寧社團總會成立慶典暨遼港經貿合作交流大會致辭; https://www.info.gov.hk/gia/general/202408/28/P2024082800574.htm
27-08-2024; 行政長官在第五屆粵港澳大灣區傑出青年企業家評選活動頒奬典禮致辭; https://www.info.gov.hk/gia/general/202408/27/P2024082700384.htm
26-08-2024; 行政長官出席中共二十屆三中全會精神宣講會的開場發言; https://www.info.gov.hk/gia/general/202408/26/P2024082600436.htm
22-08-2024; 行政長官出席「心連心學院」開幕典禮暨「惠民生．暖民心」研討會; https://www.info.gov.hk/gia/general/202408/22/P2024082200423.htm
21-08-2024; 行政長官出席巴黎2024奧運會中國香港代表團返港歡迎儀式致辭; https://www.info.gov.hk/gia/general/202408/21/P2024082100440.htm
20-08-2024; 行政長官出席慶祝中華人民共和國成立75周年、香港政協青年聯會10周年會慶暨第六屆執委會就職典禮致辭; https://www.info.gov.hk/gia/general/202408/20/P2024082000576.htm
20-08-2024; 行政長官出席全球華僑華人促進中國和平統一大會（2024•中國香港）開幕式致辭; https://www.info.gov.hk/gia/general/202408/20/P2024082000538.htm
09-08-2024; 行政長官出席巴黎2024殘疾人奧運會中國香港代表團授旗典禮致辭; https://www.info.gov.hk/gia/general/202408/09/P2024080900546.htm
06-08-2024; 行政長官主持國家安全展覽廳開幕典禮致辭; https://www.info.gov.hk/gia/general/202408/06/P2024080600195.htm
29-07-2024; 行政長官在中阿經貿投資（京津冀環渤海）交流會致辭; https://www.info.gov.hk/gia/general/202407/29/P2024072900243.htm
23-07-2024; 行政長官在「同根連心迎國慶．團結奮鬥創未來」港澳青年浙江行活動啟動儀式致辭; https://www.info.gov.hk/gia/general/202407/23/P2024072300166.htm
23-07-2024; 行政長官在民建聯高端論壇致辭; https://www.info.gov.hk/gia/general/202407/23/P2024072300165.htm
20-07-2024; 行政長官出席「習近平主席回信香港學生一周年分享會暨香港青少年航天創新大賽頒獎典禮」致辭; https://www.info.gov.hk/gia/general/202407/20/P2024072000451.htm
17-07-2024; 行政長官出席《習近平著作選讀》（第一卷、第二卷）及《習近平關於中國式現代化論述摘編》繁體版新書發佈會暨出版座談會致辭; https://www.info.gov.hk/gia/general/202407/17/P2024071700459.htm
15-07-2024; 行政長官出席2024年創新科技獎項嘉許禮致辭; https://www.info.gov.hk/gia/general/202407/15/P2024071500711.htm
13-07-2024; 行政長官在善德關愛科研青年發展計劃--北京、西安航天科技考察團啟動禮致辭; https://www.info.gov.hk/gia/general/202407/13/P2024071200630.htm
12-07-2024; 行政長官出席第二十四次粵港合作聯席會議致辭; https://www.info.gov.hk/gia/general/202407/12/P2024071200619.htm
11-07-2024; 行政長官出席紫荊綻放耀香江─「我的中國心」視頻展映活動啟動暨《香港之味》啟播致辭; https://www.info.gov.hk/gia/general/202407/11/P2024071100459.htm
11-07-2024; 行政長官出席「高質量發展 提升港優勢」研討會暨香港經濟日報企業大獎頒獎禮2024致辭; https://www.info.gov.hk/gia/general/202407/11/P2024071100335.htm
10-07-2024; 行政長官出席2024中總世界華商高峰論壇----「探索RCEP市場商機與香港優勢」致辭; https://www.info.gov.hk/gia/general/202407/10/P2024071000259.htm
09-07-2024; 署理行政長官出席巴黎2024奧運會中國香港代表團授旗典禮致辭; https://www.info.gov.hk/gia/general/202407/09/P2024070900589.htm
09-07-2024; 署理行政長官出席中國香港體育協會暨奧林匹克委員會----巴黎奧運主題裝置揭幕儀式致辭; https://www.info.gov.hk/gia/general/202407/09/P2024070900547.htm
09-07-2024; 行政長官在武林盛舞嘉年華開幕禮致辭; https://www.info.gov.hk/gia/general/202407/09/P2024070900180.htm
06-07-2024; 行政長官在2024年香港愛國主義教育論壇暨香港航天科普教育基地啟動儀式致辭; https://www.info.gov.hk/gia/general/202407/06/P2024070500390.htm
05-07-2024; 行政長官出席行政長官卓越教學獎（2023/2024）頒獎典禮致辭; https://www.info.gov.hk/gia/general/202407/05/P2024070500402.htm
01-07-2024; 行政長官出席香港特別行政區成立二十七周年酒會致辭; https://www.info.gov.hk/gia/general/202407/01/P2024070100186.htm
29-06-2024; 行政長官出席香港各界慶典委員會慶祝香港回歸祖國27周年活動啓動禮致辭; https://www.info.gov.hk/gia/general/202406/29/P2024062900274.htm
28-06-2024; 行政長官出席「世界因你而美麗--2023-2024影響世界華人盛典」致辭; https://www.info.gov.hk/gia/general/202406/28/P2024062800661.htm
26-06-2024; 行政長官出席「行政長官表揚榜」頒獎典禮致辭; https://www.info.gov.hk/gia/general/202406/26/P2024062600590.htm
21-06-2024; 行政長官出席2023年傑出領袖選舉頒獎晚宴致辭; https://www.info.gov.hk/gia/general/202406/21/P2024062100733.htm
13-06-2024; 行政長官出席慶祝中華人民共和國成立75週年、香港回歸祖國27週年暨香港友好協進會成立35週年典禮致辭; https://www.info.gov.hk/gia/general/202406/13/P2024061300578.htm
12-06-2024; 行政長官在HKIC × SmartMore戰略合作簽約儀式致辭; https://www.info.gov.hk/gia/general/202406/12/P2024061100618.htm
08-06-2024; 行政長官出席國安法律論壇「回顧與展望　發展新台階」開幕式致辭; https://www.info.gov.hk/gia/general/202406/08/P2024060800218.htm
07-06-2024; 行政長官在「中華文化節2024」開幕典禮致辭; https://www.info.gov.hk/gia/general/202406/07/P2024060700494.htm
02-06-2024; 行政長官在「津彩匯香江　益企向未來--津港企業家對接會」致辭; https://www.info.gov.hk/gia/general/202406/02/P2024053100817.htm
01-06-2024; 行政長官在首屆陽明心學國際論壇開幕式暨香港陽明學堂揭牌儀式致辭; https://www.info.gov.hk/gia/general/202406/01/P2024053100816.htm
27-05-2024; 行政長官在2024港澳山東周開幕式暨魯港合作交流會致辭; https://www.info.gov.hk/gia/general/202405/27/P2024052700249.htm
27-05-2024; 行政長官在香港文學舘開幕典禮致辭; https://www.info.gov.hk/gia/general/202405/27/P2024052700248.htm
24-05-2024; 行政長官出席《明報》創刊65周年酒會致辭; https://www.info.gov.hk/gia/general/202405/24/P2024052400542.htm
22-05-2024; 行政長官出席廣西打造粵港澳大灣區重要戰略腹地2024香港推介會暨重大項目簽約儀式致辭; https://www.info.gov.hk/gia/general/202405/22/P2024052200286.htm
18-05-2024; 行政長官出席第十六屆香港盃外交知識競賽決賽暨頒獎典禮致辭; https://www.info.gov.hk/gia/general/202405/18/P2024051800525.htm
17-05-2024; 行政長官出席香港報業公會70周年會慶午宴暨2023年香港最佳新聞獎頒獎禮致辭; https://www.info.gov.hk/gia/general/202405/17/P2024051700298.htm
07-05-2024; 行政長官出席推動內地與香港金融市場聯動發展研討會致辭; https://www.info.gov.hk/gia/general/202405/07/P2024050700527.htm
06-05-2024; 行政長官出席慶祝中華人民共和國成立七十五周年暨港區省級政協委員聯誼會第七屆理事會就職典禮致辭; https://www.info.gov.hk/gia/general/202405/06/P2024050600640.htm
27-04-2024; 行政長官在「相聚上海」滬港交流項目啟動儀式暨滬港社團總會周年晚宴致辭; https://www.info.gov.hk/gia/general/202404/27/P2024042600594.htm
27-04-2024; 行政長官在香港廣西社團總會2024「廣西三月三」走進港澳系列活動香港啓動禮致辭; https://www.info.gov.hk/gia/general/202404/27/P2024042600572.htm
26-04-2024; 行政長官出席二零二四年勞動節酒會致辭; https://www.info.gov.hk/gia/general/202404/26/P2024042600666.htm
26-04-2024; 行政長官出席「投資上海　共享未來」海外行系列活動（中國香港站）致辭; https://www.info.gov.hk/gia/general/202404/26/P2024042600612.htm
26-04-2024; 行政長官出席滬港合作會議第六次會議開場發言; https://www.info.gov.hk/gia/general/202404/26/P2024042600349.htm
25-04-2024; 行政長官出席消費者委員會五十周年誌慶酒會致辭; https://www.info.gov.hk/gia/general/202404/25/P2024042500608.htm
24-04-2024; 行政長官出席國泰2023年度香港傑出運動員選舉頒獎典禮致辭; https://www.info.gov.hk/gia/general/202404/24/P2024042400538.htm
23-04-2024; 行政長官出席香港工會聯合會慶祝「五‧一」國際勞動節酒會致辭; https://www.info.gov.hk/gia/general/202404/23/P2024042300641.htm
15-04-2024; 行政長官出席「全民國家安全教育日」開幕典禮致辭; https://www.info.gov.hk/gia/general/202404/15/P2024041500281.htm
13-04-2024; 行政長官出席「香港世界青年科學大會」開幕式大會暨2024「香江諾貝論壇」致辭; https://www.info.gov.hk/gia/general/202404/13/P2024041300427.htm
13-04-2024; 行政長官出席全民國家安全教育日暨香港警隊180周年警察學院開放日致辭; https://www.info.gov.hk/gia/general/202404/13/P2024041300238.htm
08-04-2024; 行政長官出席「雪龍2」號進港歡迎儀式致辭; https://www.info.gov.hk/gia/general/202404/08/P2024040800294.htm
23-03-2024; 行政長官出席甲辰年穗港新春團拜暨香港廣州社團總會第四屆會董會就職典禮致辭; https://www.info.gov.hk/gia/general/202403/23/P2024032300404.htm
23-03-2024; 行政長官在香港中文大學（深圳）建校十周年大會暨發展論壇致辭; https://www.info.gov.hk/gia/general/202403/23/P2024032200672.htm
21-03-2024; 行政長官出席香港各界婦女慶祝三八國際婦女節酒會致辭; https://www.info.gov.hk/gia/general/202403/21/P2024032100630.htm
20-03-2024; 行政長官在「閩港『興』動能，盛『業』融兩地」──金融服務閩港發展合作論壇致辭; https://www.info.gov.hk/gia/general/202403/20/P2024032000468.htm
19-03-2024; 行政長官就《維護國家安全條例草案》向立法會發言; https://www.info.gov.hk/gia/general/202403/19/P2024031900657.htm
18-03-2024; 行政長官在廣東省2024年春茗（香港）致辭; https://www.info.gov.hk/gia/general/202403/18/P2024031800558.htm
15-03-2024; 行政長官出席「俠之大者──金庸百年誕辰紀念」開幕典禮致辭; https://www.info.gov.hk/gia/general/202403/15/P2024031500302.htm
08-03-2024; 行政長官出席2024年國際婦女節酒會致辭; https://www.info.gov.hk/gia/general/202403/08/P2024030800640.htm
05-03-2024; 行政長官在北京出席「肩負使命 共創未來」2024在京港生座談會致辭; https://www.info.gov.hk/gia/general/202403/05/P2024030500410.htm
27-02-2024; 行政長官在2024在粵港商新春交流會致辭; https://www.info.gov.hk/gia/general/202402/27/P2024022700248.htm
26-02-2024; 行政長官在全港學界國家安全常識挑戰賽頒獎禮致辭; https://www.info.gov.hk/gia/general/202402/26/P2024022600233.htm
16-02-2024; 行政長官出席香港八和會館甲辰年新春團拜致辭; https://www.info.gov.hk/gia/general/202402/16/P2024021600334.htm
11-02-2024; 行政長官出席「龍年百業旺　盛世中華強」煙花匯演晚會致辭; https://www.info.gov.hk/gia/general/202402/11/P2024021100552.htm
10-02-2024; 行政長官出席「2024新春國際匯演之夜」致辭; https://www.info.gov.hk/gia/general/202402/10/P2024021000515.htm
01-02-2024; 行政長官出席香港中華廠商聯合會第43屆會董會就職典禮致辭; https://www.info.gov.hk/gia/general/202402/01/P2024020100685.htm
30-01-2024; 行政長官出席中央人民政府駐香港特別行政區聯絡辦公室2024年新春招待會致辭; https://www.info.gov.hk/gia/general/202401/30/P2024013000675.htm
30-01-2024; 行政長官出席2023年特區政府施政十件大事評選頒獎典禮致辭; https://www.info.gov.hk/gia/general/202401/30/P2024013000561.htm
29-01-2024; 行政長官出席百仁基金第十五屆理事會就職典禮暨晚宴致辭; https://www.info.gov.hk/gia/general/202401/29/P2024012900689.htm
26-01-2024; 行政長官在第三十二屆傑出專上學生服務獎頒獎典禮暨高桌晚宴致辭; https://www.info.gov.hk/gia/general/202401/26/P2024012600522.htm
26-01-2024; 行政長官在慶祝廣東外商公會成立35周年暨第九屆理事會就職典禮晚會致辭; https://www.info.gov.hk/gia/general/202401/26/P2024012600526.htm
26-01-2024; 行政長官在「天行藝道－水墨45年」展覽開幕典禮致辭; https://www.info.gov.hk/gia/general/202401/26/P2024012600519.htm
17-01-2024; 行政長官出席香港新聞工作者聯會與各界聯歡晚會致辭; https://www.info.gov.hk/gia/general/202401/17/P2024011700620.htm
16-01-2024; 行政長官出席香港潮屬社團總會第十二屆會董就職典禮致辭; https://www.info.gov.hk/gia/general/202401/16/P2024011600600.htm
12-01-2024; 行政長官在深圳前海東亞銀行大廈開幕典禮致辭; https://www.info.gov.hk/gia/general/202401/12/P2024011200234.htm
06-01-2024; 行政長官主持第二期沙頭角開放計劃啟動禮致辭; https://www.info.gov.hk/gia/general/202401/06/P2024010600233.htm
04-01-2024; 行政長官在東莞出席2024大灣區（東莞）工商界交流會致辭; https://www.info.gov.hk/gia/general/202401/04/P2024010400649.htm
04-01-2024; 署理行政長官出席春詠香江──舞劇《詠春》香港首演酒會致辭全文; https://www.info.gov.hk/gia/general/202401/04/P2024010400521.htm
04-01-2024; 行政長官在東莞出席2024大灣區（東莞）工商界高峰論壇致辭; https://www.info.gov.hk/gia/general/202401/04/P2024010400444.htm
01-01-2024; 行政長官在第七屆區議會區議員宣誓就任儀式致辭; https://www.info.gov.hk/gia/general/202401/01/P2024010100284.htm
22-12-2025; 行政長官出席港深創新及科技園開園典禮致辭; https://www.info.gov.hk/gia/general/202512/22/P2025122200533.htm
16-12-2025; 署理行政長官出席香港中華聯誼會「2025科技+新質生產力高峰論壇」致辭; https://www.info.gov.hk/gia/general/202512/16/P2025121600529.htm
13-12-2025; 行政長官在2025粵港澳院士峰會．全國重點實驗室技術成果大灣區對接大會致辭; https://www.info.gov.hk/gia/general/202512/13/P2025121200327.htm
04-12-2025; 行政長官出席二○二五年「國家憲法日」座談會致辭; https://www.info.gov.hk/gia/general/202512/04/P2025120400315.htm
25-11-2025; 行政長官出席中共二十屆四中全會精神宣講會開場發言; https://www.info.gov.hk/gia/general/202511/25/P2025112500357.htm
22-11-2025; 行政長官出席共享基金會七周年誌慶暨全球總部啟用禮致辭; https://www.info.gov.hk/gia/general/202511/22/P2025112200310.htm
22-11-2025; 行政長官出席二○二五年撲滅罪行聯席會議致辭; https://www.info.gov.hk/gia/general/202511/22/P2025112200245.htm
21-11-2025; 行政長官在深圳出席第十五屆全國運動會閉幕式致辭; https://www.info.gov.hk/gia/general/202511/21/P2025112100832.htm
20-11-2025; 行政長官在遼寧省香港商會十一週年慶典晚宴致辭; https://www.info.gov.hk/gia/general/202511/20/P2025112000506.htm
12-11-2025; 行政長官出席第28屆北京．香港經濟合作研討洽談會開幕式致辭; https://www.info.gov.hk/gia/general/202511/12/P2025111200285.htm
09-11-2025; 行政長官在廣州出席第十五屆全國運動會開幕式致辭; https://www.info.gov.hk/gia/general/202511/09/P2025110900701.htm
06-11-2025; 行政長官在上海出席「香港：內地企業出海首選平台」推介大會致辭; https://www.info.gov.hk/gia/general/202511/06/P2025110600270.htm
03-11-2025; 行政長官在2025粵港澳大灣區全球招商大會致辭; https://www.info.gov.hk/gia/general/202511/03/P2025110300292.htm
02-11-2025; 署理行政長官出席第十五屆全國運動會火炬傳遞香港站收火儀式致辭; https://www.info.gov.hk/gia/general/202511/02/P2025110200264.htm
02-11-2025; 署理行政長官出席第十五屆全國運動會火炬傳遞香港站起跑儀式致辭; https://www.info.gov.hk/gia/general/202511/02/P2025110200227.htm
01-11-2025; 署理行政長官出席紀念《基本法》頒布三十五周年研討會致辭; https://www.info.gov.hk/gia/general/202511/01/P2025110100251.htm
31-10-2025; 署理行政長官出席香港中華總商會125周年會慶晚宴致辭; https://www.info.gov.hk/gia/general/202510/31/P2025103100745.htm
31-10-2025; 行政長官在第四屆粵港澳大灣區服務貿易大會開幕式致辭; https://www.info.gov.hk/gia/general/202510/31/P2025103000545.htm
31-10-2025; 行政長官在第9屆環球大灣區可持續發展經貿高峰論壇暨2025大灣區年度最具影響力大獎頒獎典禮致辭; https://www.info.gov.hk/gia/general/202510/31/P2025103000540.htm
30-10-2025; 行政長官在2025金融街論壇閉幕式致辭; https://www.info.gov.hk/gia/general/202510/30/P2025103000536.htm
26-10-2025; 行政長官出席香港童軍大會操2025致辭; https://www.info.gov.hk/gia/general/202510/26/P2025102600277.htm
24-10-2025; 行政長官在灼見名家周年論壇暨十一周年慶典致辭; https://www.info.gov.hk/gia/general/202510/24/P2025102400179.htm
23-10-2025; 行政長官出席二○二五年立法會換屆選舉啟動禮致辭; https://www.info.gov.hk/gia/general/202510/23/P2025102300429.htm
23-10-2025; 行政長官出席紫荊文化論壇致辭; https://www.info.gov.hk/gia/general/202510/23/P2025102300255.htm
18-10-2025; 行政長官在行業模範之星評選頒獎典禮致辭; https://www.info.gov.hk/gia/general/202510/18/P2025101700292.htm
17-10-2025; 行政長官出席慶祝中華人民共和國成立76周年暨香港客屬總會第六屆會董會就職典禮致辭; https://www.info.gov.hk/gia/general/202510/17/P2025101700713.htm
16-10-2025; 行政長官出席2025粵港澳大灣區高峰論壇----創新經濟　破局立新致辭; https://www.info.gov.hk/gia/general/202510/16/P2025101600382.htm
16-10-2025; 行政長官出席「行政立法同心治港創未來」研討會致辭; https://www.info.gov.hk/gia/general/202510/16/P2025101600321.htm
13-10-2025; 行政長官在香港航運界慶祝中華人民共和國成立76周年國慶酒會致辭; https://www.info.gov.hk/gia/general/202510/13/P2025101300264.htm
11-10-2025; 行政長官在善德關愛科研青年發展計劃----第八屆北京、西安航天科技考察團研習成果匯報比賽暨頒獎典禮致辭; https://www.info.gov.hk/gia/general/202510/11/P2025101000356.htm
09-10-2025; 行政長官出席香港新聞界慶祝中華人民共和國成立七十六周年活動致辭; https://www.info.gov.hk/gia/general/202510/09/P2025100900740.htm
09-10-2025; 行政長官出席香港文化藝術界慶祝中華人民共和國成立76周年酒會致辭; https://www.info.gov.hk/gia/general/202510/09/P2025100900558.htm
08-10-2025; 行政長官在香港航商總會一週年慶典致辭; https://www.info.gov.hk/gia/general/202510/08/P2025100800470.htm
01-10-2025; 行政長官出席國慶七十六周年煙花大匯演致辭; https://www.info.gov.hk/gia/general/202510/01/P2025100100765.htm
01-10-2025; 行政長官國慶酒會致辭; https://www.info.gov.hk/gia/general/202510/01/P2025100100221.htm
29-09-2025; 行政長官在香港福建社團聯會「慶國慶　迎中秋　走進社區　關愛鄉親」活動致辭; https://www.info.gov.hk/gia/general/202509/29/P2025092900274.htm
29-09-2025; 行政長官出席《習近平的文化情緣》、《習近平經濟思想系列講讀》香港啟播儀式致辭; https://www.info.gov.hk/gia/general/202509/29/P2025092900307.htm
29-09-2025; 行政長官在2025世界粵商大會致辭; https://www.info.gov.hk/gia/general/202509/29/P2025092900272.htm
27-09-2025; 行政長官在香港青年聯會第三十三屆會慶及會董會就職典禮致辭; https://www.info.gov.hk/gia/general/202509/27/P2025092600953.htm
26-09-2025; 行政長官出席慶祝中華人民共和國成立76周年暨新界鄉議局邁向成立100周年酒會致辭; https://www.info.gov.hk/gia/general/202509/26/P2025092600479.htm
25-09-2025; 行政長官出席香港潮屬各界慶祝中華人民共和國成立76周年酒會致辭; https://www.info.gov.hk/gia/general/202509/25/P2025092501154.htm
22-09-2025; 行政長官在第六屆粵港澳大灣區傑出青年企業家頒獎典禮致辭; https://www.info.gov.hk/gia/general/202509/22/P2025092200276.htm
17-09-2025; 行政長官向立法會發表《行政長官2025年施政報告》發言全文（十三）; https://www.info.gov.hk/gia/general/202509/17/P2025091700296.htm
17-09-2025; 行政長官向立法會發表《行政長官2025年施政報告》發言全文（十二）; https://www.info.gov.hk/gia/general/202509/17/P2025091700293.htm
17-09-2025; 行政長官向立法會發表《行政長官2025年施政報告》發言全文（十一）; https://www.info.gov.hk/gia/general/202509/17/P2025091700290.htm
17-09-2025; 行政長官向立法會發表《行政長官2025年施政報告》發言全文（十）; https://www.info.gov.hk/gia/general/202509/17/P2025091700287.htm
17-09-2025; 行政長官向立法會發表《行政長官2025年施政報告》發言全文（九）; https://www.info.gov.hk/gia/general/202509/17/P2025091700278.htm
17-09-2025; 行政長官向立法會發表《行政長官2025年施政報告》發言全文（八）; https://www.info.gov.hk/gia/general/202509/17/P2025091700271.htm
17-09-2025; 行政長官向立法會發表《行政長官2025年施政報告》發言全文（七）; https://www.info.gov.hk/gia/general/202509/17/P2025091700257.htm
17-09-2025; 行政長官向立法會發表《行政長官2025年施政報告》發言全文（六）; https://www.info.gov.hk/gia/general/202509/17/P2025091700249.htm
17-09-2025; 行政長官向立法會發表《行政長官2025年施政報告》發言全文（五）; https://www.info.gov.hk/gia/general/202509/17/P2025091700236.htm
17-09-2025; 行政長官向立法會發表《行政長官2025年施政報告》發言全文（四）; https://www.info.gov.hk/gia/general/202509/17/P2025091700224.htm
17-09-2025; 行政長官向立法會發表《行政長官2025年施政報告》發言全文（三）; https://www.info.gov.hk/gia/general/202509/17/P2025091700218.htm
17-09-2025; 行政長官向立法會發表《行政長官2025年施政報告》發言全文（二）; https://www.info.gov.hk/gia/general/202509/17/P2025091700212.htm
17-09-2025; 行政長官向立法會發表《行政長官2025年施政報告》發言全文（一）; https://www.info.gov.hk/gia/general/202509/17/P2025091700203.htm
16-09-2025; 行政長官在「締造未來」青少年創新發展項目----「給孩子們的大師講堂」走進香港活動致辭; https://www.info.gov.hk/gia/general/202509/16/P2025091600465.htm
15-09-2025; 行政長官在第三屆粵港澳大灣區發展工商大會致辭; https://www.info.gov.hk/gia/general/202509/15/P2025091500239.htm
30-08-2025; 行政長官出席中國人民抗日戰爭暨世界反法西斯戰爭勝利80周年斬竹灣抗日英烈紀念碑園典禮致辭; https://www.info.gov.hk/gia/general/202508/30/P2025083000278.htm
25-08-2025; 行政長官出席在港全國重點實驗室授牌儀式致辭; https://www.info.gov.hk/gia/general/202508/25/P2025082500332.htm
22-08-2025; 行政長官出席香港福建社團聯會第十四屆會董就職典禮致辭; https://www.info.gov.hk/gia/general/202508/22/P2025082200752.htm
22-08-2025; 行政長官出席「銘記歷史　珍愛和平──紀念中國人民抗日戰爭暨世界反法西斯戰爭勝利80周年大型巡迴展覽」致辭; https://www.info.gov.hk/gia/general/202508/22/P2025082200348.htm
19-08-2025; 行政長官出席香港區潮人聯會慶祝中華人民共和國成立七十六周年暨第六屆會董會就職典禮致辭; https://www.info.gov.hk/gia/general/202508/19/P2025081900708.htm
18-08-2025; 行政長官在中國人民抗日戰爭暨世界反法西斯戰爭勝利80周年論壇致辭; https://www.info.gov.hk/gia/general/202508/18/P2025081800333.htm
02-08-2025; 行政長官出席第十五屆全國運動會和全國第十二屆殘疾人運動會暨第九屆特殊奧林匹克運動會倒計時100天啓動儀式致辭; https://www.info.gov.hk/gia/general/202508/02/P2025080200919.htm
02-08-2025; 行政長官出席第十五屆全國運動會和全國第十二屆殘疾人運動會暨第九屆特殊奧林匹克運動會倒計時100日活動（香港賽區）致辭; https://www.info.gov.hk/gia/general/202508/02/P2025080200594.htm
23-07-2025; 行政長官主持「行政長官表揚榜」頒獎典禮致辭; https://www.info.gov.hk/gia/general/202507/23/P2025072300649.htm
18-07-2025; 行政長官出席香港黃金交易所首屆董事會就職典禮暨金銀業貿易場115周年誌慶晚宴致辭; https://www.info.gov.hk/gia/general/202507/18/P2025071800936.htm
16-07-2025; 行政長官出席習近平主席《論教育》、《習近平文化思想學習綱要》、《近鏡頭：溫暖的瞬間》繁體版新書發布會致辭; https://www.info.gov.hk/gia/general/202507/16/P2025071600436.htm
15-07-2025; 行政長官在「HELLO PANDAS 安安可可迎全運‧遇見珠水‧荔路繁花」嘉年華啓動禮致辭; https://www.info.gov.hk/gia/general/202507/15/P2025071500286.htm
13-07-2025; 行政長官在香港泉州社團聯會慶祝香港回歸祖國二十八周年、聯會成立三十六周年暨第十七屆理監事就職典禮致辭; https://www.info.gov.hk/gia/general/202507/13/P2025071100487.htm
08-07-2025; 行政長官在香港首屆世界品牌大會致辭; https://www.info.gov.hk/gia/general/202507/08/P2025070800634.htm
05-07-2025; 行政長官在善德關愛科研青年發展計劃----第八屆北京、西安航天科技考察團啟動禮致辭; https://www.info.gov.hk/gia/general/202507/05/P2025070400625.htm
04-07-2025; 行政長官出席行政長官卓越教學獎（2024/2025）頒獎典禮致辭; https://www.info.gov.hk/gia/general/202507/04/P2025070400582.htm
03-07-2025; 行政長官出席中國人民解放軍海軍山東艦編隊訪問香港歡迎儀式致辭; https://www.info.gov.hk/gia/general/202507/03/P2025070300338.htm
01-07-2025; 行政長官出席香港特別行政區成立二十八周年酒會致辭; https://www.info.gov.hk/gia/general/202507/01/P2025070100245.htm
30-06-2025; 行政長官出席「星耀紫荊慶回歸」紅館晚會致辭; https://www.info.gov.hk/gia/general/202506/30/P2025063000814.htm
26-06-2025; 行政長官出席第二屆「香港優秀師德師風獎評選」活動頒獎典禮致辭; https://www.info.gov.hk/gia/general/202506/26/P2025062600400.htm
25-06-2025; 行政長官出席慶祝香港回歸祖國28週年、香港友好協進會成立36週年暨友好青年之聲團就職典禮致辭; https://www.info.gov.hk/gia/general/202506/25/P2025062500865.htm
25-06-2025; 行政長官在香港中華出入口商會慶祝香港回歸祖國28周年暨第37屆會董會就職典禮致辭; https://www.info.gov.hk/gia/general/202506/25/P2025062500297.htm
21-06-2025; 行政長官出席《香港國安法》公布實施五周年論壇致辭; https://www.info.gov.hk/gia/general/202506/21/P2025062100283.htm
17-06-2025; 行政長官出席民主思路「十年見證」經濟論壇暨籌款晚宴致辭; https://www.info.gov.hk/gia/general/202506/17/P2025061700887.htm
13-06-2025; 行政長官在「中華文化節2025」開幕典禮致辭; https://www.info.gov.hk/gia/general/202506/13/P2025061300434.htm
12-06-2025; 行政長官出席2025國際汽車及供應鏈博覽會（香港）開幕禮致辭; https://www.info.gov.hk/gia/general/202506/12/P2025061200349.htm
12-06-2025; 行政長官出席紀念中國人民抗日戰爭暨世界反法西斯戰爭勝利80周年國際學術研討會致辭; https://www.info.gov.hk/gia/general/202506/12/P2025061200283.htm
06-06-2025; 行政長官出席第十六屆海峽兩岸和香港、澳門經貿合作研討會致辭; https://www.info.gov.hk/gia/general/202506/06/P2025060600278.htm
03-06-2025; 行政長官出席滬港社團總會第十一屆執委會就職典禮暨成立四十周年慶典晚會致辭; https://www.info.gov.hk/gia/general/202506/03/P2025060300653.htm
03-06-2025; 行政長官出席「打造國際高端人才集聚高地　深化國際交往合作高峰論壇」暨「民建聯人才高地揭幕儀式」致辭; https://www.info.gov.hk/gia/general/202506/03/P2025060300436.htm
30-05-2025; 行政長官出席國際調解院公約簽署儀式致辭; https://www.info.gov.hk/gia/general/202505/30/P2025053000274.htm
24-05-2025; 行政長官在「購在中國．2025大灣區消費季」啟動儀式致辭; https://www.info.gov.hk/gia/general/202505/24/P2025052300406.htm
22-05-2025; 行政長官出席「其命惟新----廣東美術百年大展（香港）」開幕式致辭; https://www.info.gov.hk/gia/general/202505/22/P2025052200288.htm
20-05-2025; 行政長官在2025港澳山東周開幕式暨魯港合作高質量發展推介會致辭; https://www.info.gov.hk/gia/general/202505/20/P2025052000371.htm
20-05-2025; 行政長官在香港再出發大聯盟成立五周年論壇「推動教育、科技、人才一體化發展」致辭; https://www.info.gov.hk/gia/general/202505/20/P2025052000527.htm
20-05-2025; 行政長官在建設世界一流資本市場論壇致辭; https://www.info.gov.hk/gia/general/202505/20/P2025052000368.htm
19-05-2025; 行政長官在吉港澳經貿交流暨長白山人參推介會致辭; https://www.info.gov.hk/gia/general/202505/19/P2025051900657.htm
17-05-2025; 行政長官出席第十七屆香港盃外交知識競賽決賽暨頒獎典禮致辭; https://www.info.gov.hk/gia/general/202505/17/P2025051700664.htm
11-05-2025; 行政長官在香港新來港人士服務基金第六屆就職典禮暨新來港學生升讀大學獎學金計劃頒獎典禮致辭; https://www.info.gov.hk/gia/general/202505/11/P2025050900671.htm
09-05-2025; 行政長官出席2024香港最佳新聞獎頒獎典禮暨午餐會致辭; https://www.info.gov.hk/gia/general/202505/09/P2025050900524.htm
07-05-2025; 行政長官出席廉政公署展覽廳重啟典禮致辭; https://www.info.gov.hk/gia/general/202505/07/P2025050700320.htm
28-04-2025; 行政長官出席香港工會聯合會慶祝「五‧一」國際勞動節酒會致辭; https://www.info.gov.hk/gia/general/202504/28/P2025042800731.htm
28-04-2025; 行政長官在香港善德基金會第六屆董事局就職典禮致辭; https://www.info.gov.hk/gia/general/202504/28/P2025042800256.htm
25-04-2025; 行政長官在2025年度大灣區周年傳承大奬頒獎典禮及大灣區院士頒授典禮暨交流午宴致辭; https://www.info.gov.hk/gia/general/202504/25/P2025042500372.htm
25-04-2025; 行政長官在寧波出席投資香港推介大會－－浙江（寧波）專場暨甬港經濟合作論壇開幕式致辭; https://www.info.gov.hk/gia/general/202504/25/P2025042500401.htm
24-04-2025; 行政長官在杭州出席浙港高層會晤暨「浙港合作會議」第一次會議致辭; https://www.info.gov.hk/gia/general/202504/24/P2025042400328.htm
22-04-2025; 行政長官在鳳凰衛視香港台於免費電視85頻道開播一周年慶典致辭; https://www.info.gov.hk/gia/general/202504/22/P2025042200238.htm
19-04-2025; 行政長官在2025港澳青年浙江行活動啓動儀式暨青年科創項目合作會議致辭; https://www.info.gov.hk/gia/general/202504/19/P2025041700423.htm
16-04-2025; 行政長官在香港廣西社團總會2025「廣西三月三」走進港澳系列活動暨第十屆常務理事會就職典禮致辭; https://www.info.gov.hk/gia/general/202504/16/P2025041600166.htm
15-04-2025; 行政長官在全港學界國家安全常識挑戰賽2024/25頒獎禮致辭; https://www.info.gov.hk/gia/general/202504/15/P2025041500454.htm
15-04-2025; 行政長官出席「全民國家安全教育日」開幕典禮致辭; https://www.info.gov.hk/gia/general/202504/15/P2025041500248.htm
10-04-2025; 行政長官出席凝聚僑界力量　奮進高質量發展新征程大會暨學習全國兩會精神分享會致辭; https://www.info.gov.hk/gia/general/202504/10/P2025041000511.htm
09-04-2025; 行政長官出席香港特別行政區救援隊赴緬甸救災返港儀式致辭; https://www.info.gov.hk/gia/general/202504/09/P2025040900809.htm
31-03-2025; 行政長官在東江水供港六十周年紀念典禮暨「舞動水滴展」開幕禮致辭; https://www.info.gov.hk/gia/general/202503/31/P2025033100506.htm
31-03-2025; 行政長官在粵港澳大灣區企業家聯盟人工智能委員會成立典禮致辭; https://www.info.gov.hk/gia/general/202503/31/P2025033100357.htm
26-03-2025; 行政長官在甘肅--香港投資合作推介交流會致辭; https://www.info.gov.hk/gia/general/202503/26/P2025032600288.htm
26-03-2025; 行政長官在海南出席瓊港合作備忘錄簽約儀式致辭; https://www.info.gov.hk/gia/general/202503/26/P2025032600267.htm
22-03-2025; 行政長官出席香港植樹日2025致辭; https://www.info.gov.hk/gia/general/202503/22/P2025032200219.htm
21-03-2025; 行政長官在港深創新及科技園8號及9號大樓平頂儀式致辭; https://www.info.gov.hk/gia/general/202503/21/P2025032100504.htm
20-03-2025; 行政長官在廣東省2025年春茗（香港）致辭; https://www.info.gov.hk/gia/general/202503/20/P2025032000586.htm
20-03-2025; 行政長官出席黑龍江--香港投資合作交流會致辭; https://www.info.gov.hk/gia/general/202503/20/P2025032000428.htm
20-03-2025; 行政長官出席低空經濟「監管沙盒」啟動禮致辭; https://www.info.gov.hk/gia/general/202503/20/P2025032000215.htm
18-03-2025; 行政長官出席香港廣州社團總會成立十周年會慶暨2025年穗港春茗致辭; https://www.info.gov.hk/gia/general/202503/18/P2025031800563.htm
08-03-2025; 行政長官出席2025年國際婦女節酒會致辭; https://www.info.gov.hk/gia/general/202503/08/P2025030800284.htm
01-03-2025; 行政長官出席啟德體育園開幕典禮致辭; https://www.info.gov.hk/gia/general/202503/01/P2025030100511.htm
28-02-2025; 行政長官出席第53屆香港藝術節開幕典禮致辭; https://www.info.gov.hk/gia/general/202502/28/P2025022800607.htm
25-02-2025; 行政長官出席香港各界婦女慶祝三八國際婦女節晚宴致辭; https://www.info.gov.hk/gia/general/202502/25/P2025022500491.htm
24-02-2025; 行政長官出席勞工界乙巳年新春酒會致辭; https://www.info.gov.hk/gia/general/202502/24/P2025022400548.htm
21-02-2025; 行政長官出席香港廣東社團總會第十二屆會董就職典禮暨乙巳年新春團拜聯歡宴會致辭; https://www.info.gov.hk/gia/general/202502/21/P2025022100523.htm
16-02-2025; 行政長官在香港江西社團（聯誼）總會2025年春茗聯歡晚宴致辭; https://www.info.gov.hk/gia/general/202502/16/P2025021400475.htm
15-02-2025; 行政長官出席大熊貓龍鳳胎寶寶亮相儀式致辭; https://www.info.gov.hk/gia/general/202502/15/P2025021500257.htm
14-02-2025; 行政長官出席香港中國企業協會2025年新春酒會致辭; https://www.info.gov.hk/gia/general/202502/14/P2025021400494.htm
12-02-2025; 行政長官出席香港江蘇各界人士2025慶新春賀元宵聯歡晚宴致辭; https://www.info.gov.hk/gia/general/202502/12/P2025021200604.htm
07-02-2025; 署理行政長官出席香港中華總商會乙巳年春節酒會致辭; https://www.info.gov.hk/gia/general/202502/07/P2025020700305.htm
07-02-2025; 署理行政長官出席香港八和會館乙巳年新春團拜致辭; https://www.info.gov.hk/gia/general/202502/07/P2025020700265.htm
05-02-2025; 行政長官出席香港福建社團聯會乙巳年新春團拜致辭; https://www.info.gov.hk/gia/general/202502/05/P2025020500359.htm
30-01-2025; 行政長官出席金蛇迎春慶豐年之香港賀歲煙花滙演致辭; https://www.info.gov.hk/gia/general/202501/30/P2025013000428.htm
29-01-2025; 行政長官出席「2025新春國際匯演之夜」致辭; https://www.info.gov.hk/gia/general/202501/29/P2025012900551.htm
21-01-2025; 行政長官出席2024年特區政府施政十件大事評選頒獎典禮致辭; https://www.info.gov.hk/gia/general/202501/21/P2025012100493.htm
20-01-2025; 行政長官在大灣區進出口商業總會大灣區數字貿易深化會致辭; https://www.info.gov.hk/gia/general/202501/20/P2025012000283.htm
17-01-2025; 行政長官出席中央人民政府駐香港特別行政區聯絡辦公室2025年新春招待會致辭; https://www.info.gov.hk/gia/general/202501/17/P2025011700664.htm
12-01-2025; 行政長官在滬港未來產業創新合作交流會暨2025上海市香港商會周年晚會致辭; https://www.info.gov.hk/gia/general/202501/12/P2025011000486.htm
10-01-2025; 行政長官在大灣區（深圳）工商界交流會2025致辭; https://www.info.gov.hk/gia/general/202501/10/P2025011000608.htm
09-01-2025; 行政長官在九龍西區各界協會成立三十三周年暨第十二屆會董會就職典禮致辭; https://www.info.gov.hk/gia/general/202501/09/P2025010900371.htm
06-01-2025; 行政長官在廣東省粵港澳合作促進會第五屆會員代表大會致辭; https://www.info.gov.hk/gia/general/202501/06/P2025010600378.htm
05-01-2025; 行政長官在《香港文學》四十周年誌慶書畫展暨作家手迹展開幕式致辭; https://www.info.gov.hk/gia/general/202501/05/P2025010300546.htm
01-04-2026; 行政長官出席第四屆巾幗建新力論壇致辭; https://www.info.gov.hk/gia/general/202604/01/P2026040100306.htm
31-03-2026; 行政長官出席2026香港家庭暨婦女發展高峰會致辭; https://www.info.gov.hk/gia/general/202603/31/P2026033100523.htm
31-03-2026; 行政長官出席鳳凰衛視30周年台慶盛典致辭; https://www.info.gov.hk/gia/general/202603/31/P2026033100209.htm
30-03-2026; 行政長官出席香港潮屬社團總會第十三屆會董就職典禮致辭; https://www.info.gov.hk/gia/general/202603/30/P2026033000765.htm
27-03-2026; 行政長官在香港廣東社團總會丙午年新春宴會暨2026年優秀義工頒獎典禮致辭; https://www.info.gov.hk/gia/general/202603/27/P2026032700251.htm
23-03-2026; 行政長官在香港工商界婦女紀念「三八」國際婦女節聯歡宴會致辭; https://www.info.gov.hk/gia/general/202603/23/P2026032300292.htm
19-03-2026; 行政長官出席廣東省2026年春茗（香港）致辭; https://www.info.gov.hk/gia/general/202603/19/P2026031900720.htm
18-03-2026; 行政長官出席《習近平經濟文選》第一卷和《習近平與大學生朋友們》第一、二卷繁體版新書發布會暨出版座談會致辭; https://www.info.gov.hk/gia/general/202603/18/P2026031800528.htm
17-03-2026; 行政長官出席香港各界婦女慶祝三八國際婦女節晚宴致辭; https://www.info.gov.hk/gia/general/202603/17/P2026031700642.htm
16-03-2026; 行政長官出席2026年穗港春茗暨香港廣州工商聯會第一屆會董會就職典禮致辭; https://www.info.gov.hk/gia/general/202603/16/P2026031600681.htm
16-03-2026; 行政長官出席香港經濟峰會2026致辭; https://www.info.gov.hk/gia/general/202603/16/P2026031600207.htm
08-03-2026; 行政長官出席2026年國際婦女節酒會致辭; https://www.info.gov.hk/gia/general/202603/08/P2026030800285.htm
04-03-2026; 行政長官在2026在粵港商春茗致辭; https://www.info.gov.hk/gia/general/202603/04/P2026030400639.htm
28-02-2026; 行政長官在童行未來@115音樂會暨香港童軍115周年開展禮致辭; https://www.info.gov.hk/gia/general/202602/28/P2026022700753.htm
27-02-2026; 行政長官出席第54屆香港藝術節開幕典禮致辭; https://www.info.gov.hk/gia/general/202602/27/P2026022700795.htm
27-02-2026; 行政長官出席香港福建社團聯會丙午年新春團拜致辭; https://www.info.gov.hk/gia/general/202602/27/P2026022700576.htm
26-02-2026; 行政長官出席香港八和會館丙午年新春團拜致辭; https://www.info.gov.hk/gia/general/202602/26/P2026022600366.htm
26-02-2026; 行政長官出席「東盟門戶‧灣區腹地—2026 廣西（香港）推介會」致辭; https://www.info.gov.hk/gia/general/202602/26/P2026022600300.htm
24-02-2026; 行政長官出席香港中華總商會丙午年春節酒會致辭; https://www.info.gov.hk/gia/general/202602/24/P2026022400396.htm
18-02-2026; 行政長官出席「馬到功成耀香江」馬年煙花匯演致辭; https://www.info.gov.hk/gia/general/202602/18/P2026021800538.htm
17-02-2026; 行政長官出席「2026新春國際匯演之夜」致辭; https://www.info.gov.hk/gia/general/202602/17/P2026021700565.htm
14-02-2026; 行政長官出席《「一國兩制」下香港維護國家安全的實踐》白皮書專題研討會致辭; https://www.info.gov.hk/gia/general/202602/14/P2026021400359.htm
12-02-2026; 行政長官出席中華人民共和國第十五屆運動會和第十二屆殘疾人運動會暨第九屆特殊奧林匹克運動會香港特別行政區代表團嘉許禮致辭; https://www.info.gov.hk/gia/general/202602/12/P2026021200672.htm
04-02-2026; 行政長官出席中央人民政府駐香港特別行政區聯絡辦公室2026年新春團拜會致辭; https://www.info.gov.hk/gia/general/202602/04/P2026020400745.htm
04-02-2026; 行政長官在香港文學舘「老夫子帶你闖蕩江湖——香港新派武俠小說展」開幕典禮致辭; https://www.info.gov.hk/gia/general/202602/04/P2026020400262.htm
30-01-2026; 行政長官在浙江省香港商會2026年度晚會致辭; https://www.info.gov.hk/gia/general/202601/30/P2026013000319.htm
29-01-2026; 行政長官出席2025年特區政府施政十件大事評選頒獎典禮致辭; https://www.info.gov.hk/gia/general/202601/29/P2026012900565.htm
26-01-2026; 行政長官在廣州地區政協香港委員聯誼會成立30周年慶典致辭; https://www.info.gov.hk/gia/general/202601/26/P2026012600252.htm
23-01-2026; 行政長官在世界華商聯合促進會第五屆理事會就職典禮暨「香港繁榮」高峰論壇致辭; https://www.info.gov.hk/gia/general/202601/23/P2026012300265.htm
22-01-2026; 行政長官在香港僑友社慶祝成立四十四周年暨第十九屆理監事會就職典禮致辭; https://www.info.gov.hk/gia/general/202601/22/P2026012200275.htm
18-01-2026; 行政長官出席「愛‧傳希望」祝福香港音樂祈禱會致辭; https://www.info.gov.hk/gia/general/202601/18/P2026011800569.htm
16-01-2026; 行政長官在香港環境卓越大奬頒獎典禮致辭; https://www.info.gov.hk/gia/general/202601/16/P2026011600247.htm
14-01-2026; 行政長官向立法會發言內容; https://www.info.gov.hk/gia/general/202601/14/P2026011400325.htm
13-01-2026; 行政長官出席香港中醫醫院及政府中藥檢測中心「旗艦領航．聯通世界」啓程儀式致辭; https://www.info.gov.hk/gia/general/202601/13/P2026011300204.htm
09-01-2026; 行政長官在大灣區（南沙）工商界高峰論壇及交流會2026致辭; https://www.info.gov.hk/gia/general/202601/09/P2026010900267.htm
01-01-2026; 行政長官出席第八屆立法會議員宣誓致辭; https://www.info.gov.hk/gia/general/202601/01/P2026010100428.htm
