Date; Title
30-06-2017; 國家主席會見香港各界人士
30-06-2017; 行政長官委任海濱事務委員會成員
30-06-2017; 國家主席檢閱解放軍駐港部隊及參觀少年警訊活動中心
30-06-2017; 政府公布海洋公園公司董事局成員任命
30-06-2017; 香港與拉脫維亞、白俄羅斯及巴基斯坦有關避免雙重課稅協定的命令刊憲
30-06-2017; 二○一七年授勳名單
30-06-2017; 太平紳士委任
29-06-2017; 國家主席出席禮賓府晚宴
29-06-2017; 國家主席視察西九文化區
29-06-2017; 國家主席會見行政長官
29-06-2017; 國家主席抵港訪問三天
28-06-2017; 《內地與香港關於建立更緊密經貿關係的安排》框架下簽署《投資協議》及《經濟技術合作協議》
28-06-2017; 行政長官與瑞典歐盟和貿易大臣會面
27-06-2017; 行政長官於行政會議前會見傳媒談話全文
27-06-2017; 行政長官發表《第四屆政府施政匯報2012-2017》
26-06-2017; 陳帆擔任房屋委員會主席
26-06-2017; 「香港回歸祖國二十周年－－同心創前路　掌握新機遇」成就展在京揭幕
25-06-2017; 行政長官歡迎和感謝國家主席蒞臨香港
25-06-2017; 行政長官在香港國際機場會見傳媒談話全文
24-06-2017; 全港禁毒運動今啟動
23-06-2017; 行政長官和政務司司長會見傳媒談話全文（二）
23-06-2017; 行政長官和政務司司長會見傳媒談話全文（一）
23-06-2017; 逐步取消「對沖」 政府建議最為可取
23-06-2017; 市區重建局執行董事獲再度委任
23-06-2017; 行政長官頒授卓越教學獎予教師
21-06-2017; 粵港學校聯手大匯演慶祝香港特區成立二十周年
21-06-2017; ​行政長官祝賀新一屆政府主要官員
20-06-2017; 署理行政長官於行政會議前會見傳媒談話全文
20-06-2017; 行政長官赴京主持「香港回歸祖國二十周年—同心創前路　掌握新機遇」成就展開幕式
16-06-2017; 終審法院非常任法官任期延續
16-06-2017; 行政長官休假
16-06-2017; 「職業專才教育國際研討會」及「香港青年技能大賽暨嘉年華2017」今明兩日舉行
15-06-2017; 行政長官會見傳媒談話全文
15-06-2017; 行政長官歡迎「樂齡科技博覽暨高峰會」參與人士
15-06-2017; 以非原址換地方式長遠保育沙羅洞
15-06-2017; 行政長官在深圳出席「尋根追夢．同心同行」青年論壇分享環節發言全文
14-06-2017; 行政長官主持粵港澳大灣區發展諮詢會
14-06-2017; 再度委任選舉管理委員會主席
13-06-2017; 行政長官前赴深圳
13-06-2017; 行政長官於行政會議前會見傳媒談話全文
09-06-2017; 政府委任前任行政長官及政治委任官員離職後工作諮詢委員會成員
09-06-2017; 委任司法人員推薦委員會委員
07-06-2017; 行政長官與江西省省長會面
06-06-2017; 行政長官於行政會議前會見傳媒談話全文
05-06-2017; 行政長官與佛山市委書記會面
01-06-2017; 行政長官答問會答問全文（三）
01-06-2017; 行政長官答問會答問全文（二）
01-06-2017; 行政長官答問會答問全文（一）
01-06-2017; 行政長官答問會開場發言
29-05-2017; 委任法律改革委員會新成員
26-05-2017; 行政長官於香港國際機場會見傳媒談話全文
26-05-2017; 政府委任保險事務上訴審裁處成員
26-05-2017; 政府委任香港機場管理局成員
24-05-2017; 行政長官赴京出席基本法座談會
24-05-2017; 行政長官離港出席政協活動
24-05-2017; 行政長官會同行政會議批准豁免金鐘興建一條行人天橋而修訂契約的土地補價
23-05-2017; 饒宗頤書畫展明日開始　展現敦煌韻致
23-05-2017; 行政長官於行政會議前會見傳媒談話全文
20-05-2017; 行政長官會見傳媒談話全文
19-05-2017; 行政長官與新西蘭總理會面
19-05-2017; 行政長官與澳洲新南威爾斯州總督會面
18-05-2017; 委任平等機會委員會委員
18-05-2017; 行政長官於香港國際機場會見傳媒談話全文
17-05-2017; 行政長官於香港國際機場會見傳媒談話全文
17-05-2017; 行政長官與巴基斯坦總理會面
16-05-2017; 行政長官前赴北京送別前國務院副總理錢其琛
16-05-2017; 行政長官於行政會議前會見傳媒談話全文
15-05-2017; 行政長官在北京會見傳媒談話全文（二）
15-05-2017; 行政長官在北京會見傳媒談話全文（一）
14-05-2017; 警方致力確保巴基斯坦伊斯蘭共和國總理安全
13-05-2017; 行政長官會見傳媒談話全文
12-05-2017; 巴基斯坦伊斯蘭共和國總理訪港
11-05-2017; 行政長官與中山市委書記會面
11-05-2017; 新西蘭總理訪港
10-05-2017; 行政長官率代表團出席「一帶一路」國際合作高峰論壇
09-05-2017; 行政長官於行政會議前會見傳媒談話全文
08-05-2017; 香港特區代表團參與「一帶一路」國際合作高峰論壇
05-05-2017; 政府委任保險業監管局高層人員
04-05-2017; 「香港環境卓越大獎」及「香港綠色機構認證」嘉許企業機構環保貢獻
03-05-2017; 行政長官前赴深圳
02-05-2017; 行政長官於行政會議前會見傳媒談話全文
01-05-2017; 香港與印尼簽訂文化合作諒解備忘錄
01-05-2017; 行政長官與印尼總統會面
27-04-2017; 行政長官與泰國副總理會面
27-04-2017; 印度尼西亞共和國總統訪港
26-04-2017; 行政長官與湖南省省長會面
25-04-2017; 行會批准終止無綫網絡電視收費電視牌照
25-04-2017; 行政長官於行政會議前會見傳媒談話全文
23-04-2017; 第六屆全港運動會今日開幕
21-04-2017; 行政長官在珠海會見傳媒總結粵港澳大灣區考察談話全文
21-04-2017; 政府委任證監會行政總裁
21-04-2017; 行政長官出席粵港澳大灣區城市群發展規劃交流會開場發言全文
18-04-2017; 行政長官與新加坡副總理兼國家安全統籌部長會面
13-04-2017; 短期署任安排
12-04-2017; 行政長官與亞投行行長會面
12-04-2017; 行政長官與世衞總幹事會面
11-04-2017; 行政長官會見傳媒談話全文（二）
11-04-2017; 行政長官會見傳媒談話全文（一）
11-04-2017; 行會批准天星小輪調整收費
11-04-2017; 行政長官於行政會議前會見傳媒談話全文
07-04-2017; 行政長官率團考察粵港澳大灣區城市群
05-04-2017; 行政長官辦公室回應傳媒查詢
31-03-2017; 委任二○一七／一八年度房屋委員會委員
31-03-2017; 政府委任通訊事務管理局成員
31-03-2017; 委任香港電影發展局新一屆委員
29-03-2017; 行政長官休假
29-03-2017; 前中環街市用地批予市建局進行保育和活化
28-03-2017; 政府公布停止香港數碼聲音廣播服務
28-03-2017; 九龍巴士（一九三三）有限公司獲批予新專營權
28-03-2017; 行政長官於行政會議前會見傳媒談話全文
27-03-2017; 行政長官與候任行政長官會面後會見傳媒發言全文
26-03-2017; 行政長官就第五屆行政長官選舉結果發表聲明
25-03-2017; 行政長官博鰲會見傳媒談話全文
24-03-2017; 行政長官前往海南前在香港國際機場會見傳媒談話全文
24-03-2017; 政府委任食物及環境衞生諮詢委員會成員
24-03-2017; 將軍澳海水化淡廠海底進水和排水設施建造工程獲批准進行
22-03-2017; 行政長官對消防總隊目殉職表示哀悼
22-03-2017; 行政長官出席博鰲亞洲論壇年會
22-03-2017; 行政長官與廣州市市長會面
21-03-2017; 行政長官於行政會議前會見傳媒談話全文
15-03-2017; 政府委任首長級薪俸及服務條件常務委員會成員
14-03-2017; 委任司法人員
14-03-2017; 再度委任公務員敍用委員會主席
14-03-2017; 署理行政長官於行政會議前會見傳媒談話全文
13-03-2017; 行政長官北京會見傳媒談話全文
13-03-2017; 行政會議非官守議員祝賀行政長官當選全國政協副主席
12-03-2017; 行政長官於香港國際機場會見傳媒談話全文
10-03-2017; 政府委任香港特別行政區行政會議成員、立法會議員及政治委任制度官員薪津獨立委員會成員
10-03-2017; 政府公布強制性公積金計劃管理局任命
09-03-2017; 行政長官赴京
08-03-2017; 婦女事務委員會慶祝國際婦女節
08-03-2017; 行政長官會見港鐵車廂縱火案救援人員
07-03-2017; 行政長官回應傳媒查詢
05-03-2017; 行政長官北京會見傳媒談話全文
03-03-2017; 政府委任香港電台顧問委員會成員
02-03-2017; 行政長官於香港國際機場會見傳媒談話全文
01-03-2017; 政府公布最低工資委員會成員任命
28-02-2017; 行政長官赴京
28-02-2017; 「金庸館」今日揭幕　展示金庸小說創作歷程與貢獻
28-02-2017; 行政長官於行政會議前會見傳媒談話全文
27-02-2017; 委任法律改革委員會成員
26-02-2017; 香港禮賓府三月五日開放日
24-02-2017; 東涌東北面填海工程獲准進行
23-02-2017; 行政長官訪問深圳和廣州
22-02-2017; 行政長官聲明
22-02-2017; 行政長官就二零一七／一八年度《財政預算案》發表聲明
21-02-2017; 行政長官前赴深圳及廣州
17-02-2017; 政府公布再任命貿發局主席
14-02-2017; 行政長官於行政會議前會見傳媒談話全文
13-02-2017; 政府主要官員任命公布
10-02-2017; 行政長官讚揚港隊亞錦賽獲得佳績
10-02-2017; 行政長官回應港鐵車廂火警事故
09-02-2017; 行政長官恭賀李慧詩再奪亞錦賽金牌
07-02-2017; 行政長官恭賀李慧詩奪亞錦賽金牌
07-02-2017; 行政長官恭賀梁峻榮勇奪亞錦賽首面金牌
07-02-2017; 行會批准的士調整收費
07-02-2017; 行政長官於行政會議前會見傳媒談話全文
27-01-2017; 行政長官休假
27-01-2017; 標準工時委員會向行政長官呈交報告
27-01-2017; 標準工時委員會向行政長官提交報告
27-01-2017; 行政長官發表農曆新年賀辭
26-01-2017; 行政長官和夫人向市民拜年
26-01-2017; 委任法律改革委員會成員
24-01-2017; 行政長官於行政會議前會見傳媒談話全文
23-01-2017; 行政長官對李君夏逝世表示哀悼
23-01-2017; 行政長官出席青協「施政online@M21」開場發言
19-01-2017; 行政長官《施政報告》答問會答問全文
19-01-2017; 行政長官《施政報告》答問會開場發言
18-01-2017; 行政長官出席《施政報告》電視論壇開場發言
18-01-2017; 行政長官《施政報告》記者會答問全文（四）
18-01-2017; 行政長官《施政報告》記者會答問全文（三）
18-01-2017; 行政長官《施政報告》記者會答問全文（二）
18-01-2017; 行政長官《施政報告》記者會答問全文（一）
18-01-2017; 行政長官會同行政會議接納法定最低工資水平建議
18-01-2017; 資深司法人員任命：終審法院其他普通法適用地區非常任法官任命
18-01-2017; 二零一七年《施政報告》推動教育和體育發展
18-01-2017; 行政長官在二零一七年《施政報告》宣布加強退休保障制度
18-01-2017; 行政長官在二零一七年《施政報告》宣布增加房屋及土地供應的全面政策措施
18-01-2017; 行政長官在二零一七年《施政報告》宣布發展經濟、改善民生的政策措施
17-01-2017; 行政長官於行政會議前會見傳媒談話全文
16-01-2017; 《施政報告》及有關刊物星期三公開派發
16-01-2017; 香港與白俄羅斯簽訂稅務協定
16-01-2017; 行政長官將向立法會發表《施政報告》
16-01-2017; 行政長官與白俄羅斯第一副總理會面
16-01-2017; 政府委任經濟發展委員會委員及工作小組成員
16-01-2017; 政府主要官員任命公布
13-01-2017; 白俄羅斯共和國第一副總理訪港
13-01-2017; 政府委任古物諮詢委員會主席及委員
13-01-2017; 政府委任存款保障上訴審裁處成員
13-01-2017; 海洋公園公司董事局成員任命
12-01-2017; 政府公布金融發展局及轄下五個小組任命
12-01-2017; 行政長官收到政務司司長的請辭
10-01-2017; 行政長官於行政會議前會見傳媒談話全文
06-01-2017; 行政長官與金融發展局成員會面
03-01-2017; 港深兩地簽署推進落馬洲河套地區共同發展合作備忘錄
03-01-2017; 行政長官哀悼費明儀逝世
30-12-2016; 政府委任新一屆禁毒常務委員會主席及委員
23-12-2016; 西九文化區與故宮博物院合作興建香港故宮文化博物館
23-12-2016; 行政長官在北京會見傳媒談話全文
23-12-2016; 委任授勳及非官守太平紳士遴選委員會
23-12-2016; 政府再度委任香港旅遊發展局成員
23-12-2016; 獨立監察警方處理投訴委員會成員任命公布
23-12-2016; 政府委任廉政公署相關委員會非官方成員
23-12-2016; 委任香港演藝學院校董會
21-12-2016; 政府委任公務員薪俸及服務條件常務委員會和紀律人員薪俸及服務條件常務委員會成員
21-12-2016; ​政府將逐步淘汰本地象牙貿易
20-12-2016; 行政長官於香港國際機場會見傳媒談話全文
20-12-2016; 行政長官於行政會議前會見傳媒談話全文
19-12-2016; 市區重建局執行董事獲再度委任
17-12-2016; ​行政長官前往北京述職
16-12-2016; 行政長官與中國科學院院長會面
15-12-2016; 行政長官與亞投行行長會面
15-12-2016; 政府委任司法人員薪俸及服務條件常務委員會主席及委員
15-12-2016; 行政長官接納葉劉淑儀辭去行政會議職務
14-12-2016; 委任賑災基金諮詢委員會委員
14-12-2016; 政府呼籲市民及早接種季節性流感疫苗
13-12-2016; 香港工商業獎表揚七十間傑出企業
13-12-2016; 政府舉行官方儀式紀念南京大屠殺
13-12-2016; 行政長官於行政會議前會見傳媒談話全文
12-12-2016; 行政長官收到財政司司長的請辭
09-12-2016; 行政長官會見傳媒談話全文
09-12-2016; 政府委任教大校董會主席
08-12-2016; 行政長官前赴深圳
06-12-2016; 行政長官回應傳媒查詢有關梁國雄言論
06-12-2016; 行政長官於行政會議前會見傳媒談話全文
02-12-2016; 行政長官恭賀哇集拉隆功就任泰國國王
30-11-2016; 政府委任市區重建局非執行董事
30-11-2016; 行政長官會見傳媒談話全文
29-11-2016; 行政長官於行政會議前會見傳媒談話全文
26-11-2016; 行政長官出席青年高峰會議2016開場發言全文
26-11-2016; ​​行政長官會見傳媒談話全文（二）
26-11-2016; ​​青年高峰會議2016討論青年人選定課題
26-11-2016; 行政長官會見傳媒談話全文（一）​​
25-11-2016; ​​政府公布公眾集會及遊行上訴委員會任命
25-11-2016; ​​行政長官委任張宇人及廖長江為行政會議成員
22-11-2016; ​行政長官香港國際機場會見傳媒談話全文
22-11-2016; ​署理行政長官於行政會議前會見傳媒談話全文
21-11-2016; ​行政長官在利馬會見傳媒談話全文
21-11-2016; ​行政長官與亞太經合組織領導人討論自由貿易和投資挑戰
20-11-2016; ​香港禮賓府十一月二十七日開放日
20-11-2016; ​行政長官在亞太經合組織商貿諮詢理事會會議支持區域經濟一體化
18-11-2016; ​青年高峰會議2016下周六舉行
17-11-2016; ​行政長官會見傳媒談話全文
15-11-2016; ​行政長官會見傳媒談話全文
15-11-2016; ​行政長官於行政會議前會見傳媒談話全文
14-11-2016; ​行政長官赴秘魯出席亞太區經濟合作組織會議
10-11-2016; ​孫中山先生誕辰一百五十周年紀念儀式
09-11-2016; ​行政長官恭賀特朗普當選總統
09-11-2016; ​行政長官與斯洛文尼亞共和國副總理兼農業、林業及食品部部長會面
08-11-2016; 行會批准終止新城電台數碼聲音廣播牌照
08-11-2016; 行政長官於行政會議前會見傳媒談話全文
07-11-2016; 行政長官出席基本法記者會答問全文（二）
07-11-2016; 行政長官出席基本法記者會答問全文（一）
04-11-2016; 行政長官出席新一輪需求管理措施記者會答問全文（四）
04-11-2016; 行政長官出席新一輪需求管理措施記者會答問全文（三）
04-11-2016; 行政長官出席新一輪需求管理措施記者會答問全文（二）
04-11-2016; 行政長官出席新一輪需求管理措施記者會答問全文（一）
04-11-2016; 行政長官與德國聯邦副總理兼經濟與能源部長會面
04-11-2016; 行政長官與印度工業聯合會成員會面
04-11-2016; 政府委任退休金上訴委員會及公務員公積金計劃政府自願性供款上訴委員會委員
02-11-2016; ​行政長官辦公室就立法會成立專責委員會發表聲明
01-11-2016; 行政長官於行政會議前會見傳媒談話全文
29-10-2016; 行政長官主持二○一六年度勳銜頒授典禮
28-10-2016; 政府公布香港旅遊發展局委任名單
28-10-2016; 委任支付系統及儲值支付工具上訴審裁處及《支付系統及儲值支付工具條例》程序覆檢委員會成員
28-10-2016; 政府公布強積金計劃諮詢委員會及強積金計劃上訴委員會任命
28-10-2016; 委任地產代理監管局成員
28-10-2016; 政府公布《截取通訊及監察條例》下小組法官的任命
27-10-2016; 行政長官會見傳媒談話全文
25-10-2016; 行政長官於行政會議前會見傳媒談話全文
19-10-2016; 政府委任首長級薪俸及服務條件常務委員會委員
18-10-2016; 行政長官於行政會議前會見傳媒談話全文
15-10-2016; 行政長官主持2016年扶貧委員會高峰會
15-10-2016; 行政長官和政務司司長及勞工及福利局局長於扶貧委員會高峰會後會見傳媒談話全文
15-10-2016; 行政長官出席扶貧委員會高峰會開場發言
14-10-2016; 行政長官會見傳媒談話全文
14-10-2016; 香港特區參與2016年泛珠三角區域合作行政首長聯席會議
14-10-2016; 政府委任西九文化區管理局董事局成員
14-10-2016; 署理行政長官哀悼泰國國王普密蓬·阿杜德逝世
12-10-2016; 行政長官與廣西壯族自治區主席會面
11-10-2016; 行會批准終止香港數碼聲音廣播牌照
11-10-2016; 行政長官赴南昌出席2016年泛珠三角區域合作行政首長聯席會議
11-10-2016; 行政長官於行政會議前會見傳媒談話全文
09-10-2016; 「為保衞香港而捐軀之人士」紀念儀式
06-10-2016; 行政長官與瑞典卡羅琳醫學院署理校長會面
04-10-2016; 行政長官於行政會議前會見傳媒談話全文
03-10-2016; 行政長官會見傳媒談話全文
29-09-2016; 國慶六十七周年慶祝活動
27-09-2016; 行政長官於行政會議前會見傳媒談話全文
23-09-2016; 政府再度委任交諮會主席及成員
21-09-2016; 橫洲發展記者會答問全文
21-09-2016; 行政長官歡迎里約2016殘疾人奧運會中國香港代表團載譽返港
21-09-2016; 行政長官於橫洲發展記者會的開場發言
20-09-2016; 行政長官於行政會議前會見傳媒談話全文
19-09-2016; 行政長官會見傳媒談話全文
18-09-2016; 行政長官辦公室回應傳媒就橫洲發展查詢
17-09-2016; 行政長官辦公室回應傳媒查詢
17-09-2016; 行政長官恭賀梁育榮在里約殘奧會奪冠
16-09-2016; 行政長官祝賀香港代表隊在里約殘奧會再奪獎牌
15-09-2016; ​行政長官與越南總理會面
15-09-2016; ​行政長官祝賀香港輪椅劍擊代表隊在里約殘奧會再奪獎牌
14-09-2016; 粵港合作聯席會議第十九次會議在廣州舉行
14-09-2016; 行政長官於粵港合作聯席會議第十九次會議後會見傳媒談話全文
14-09-2016; 行政長官出席粵港合作聯席會議第十九次會議開場發言
14-09-2016; 行政長官祝賀香港輪椅劍擊代表隊在里約殘奧會奪取獎牌
13-09-2016; 行政長官於行政會議前會見傳媒談話全文
12-09-2016; 行政長官出席粵港合作聯席會議
12-09-2016; 行政長官恭賀香港代表隊在里約殘奧會首奪獎牌
09-09-2016; 行政長官會見傳媒談話全文
06-09-2016; 行政長官與加拿大總理會面
06-09-2016; 行政長官於行政會議前會見傳媒談話全文
05-09-2016; ​行政長官向立法會選舉當選議員致賀
04-09-2016; 行政長官就立法會選舉發表聲明
04-09-2016; 行政長官立法會選舉投票後會見傳媒談話全文
01-09-2016; 中國人民抗日戰爭勝利紀念日儀式
01-09-2016; 加拿大總理訪港
30-08-2016; 行政長官於行政會議前會見傳媒談話全文
27-08-2016; 特區政府歡迎里約奧運會內地奧運精英代表團訪港
26-08-2016; 行政長官讚揚里約2016奧運會中國香港代表團表現卓越
26-08-2016; 七十八名學生獲頒香港卓越獎學金
23-08-2016; 行政長官於行政會議前會見傳媒談話全文
22-08-2016; 行政長官與英國國會跨黨派中國事務小組主席會面
22-08-2016; ​政府委任離職公務員就業申請諮詢委員會委員
19-08-2016; 終審法院非常任香港法官任期延續
16-08-2016; 行政長官於行政會議前會見傳媒談話全文
11-08-2016; 行政長官祝願滅罪大使荷蘭親善訪問順利
07-08-2016; 行政長官會見傳媒談話全文
07-08-2016; 行政長官出席「全民運動日2016」與民同樂
05-08-2016; 政府委任香港生產力促進局主席
05-08-2016; 政府委任香港電台顧問委員會成員
29-07-2016; 政府委任公務員薪俸及服務條件常務委員會主席及委員
29-07-2016; ​行政長官委任「一帶一路」專員
29-07-2016; 政府委任經濟發展委員會委員及轄下專業服務業工作小組成員
28-07-2016; ​行政長官、行政會議成員及政治委任官員更新利益申報
22-07-2016; ​政府公布公眾集會及遊行上訴委員會任命
22-07-2016; 委任香港城市大學副監督
19-07-2016; 行政長官譴責德國維爾茨堡暴力襲擊事件
15-07-2016; 行政長官會見傳媒談話全文
15-07-2016; 行政長官譴責法國尼斯恐怖襲擊事件
14-07-2016; ​行政長官與歐洲聯盟委員會副主席會面
14-07-2016; 政府委任市區重建局執行董事
14-07-2016; 行政長官答問會答問全文（五）
14-07-2016; 行政長官答問會答問全文（四）
14-07-2016; 行政長官答問會答問全文（三）
14-07-2016; 行政長官答問會答問全文（二）
14-07-2016; 行政長官答問會答問全文（一）
14-07-2016; 行政長官答問會開場發言
12-07-2016; 行政長官於行政會議前會見傳媒談話全文
11-07-2016; 終審法院非常任法官任期延續
11-07-2016; 委任司法人員
10-07-2016; 行政長官與多名局長參與海岸清潔行動
10-07-2016; 行政長官會見傳媒談話全文
08-07-2016; 行政長官頒授卓越教學獎予教師
08-07-2016; 再度委任選舉管理委員會成員
06-07-2016; 行政長官會見傳媒談話全文
05-07-2016; 行政長官與亞投行行長會面
05-07-2016; 行政長官於行政會議前會見傳媒談話全文
05-07-2016; 行政長官發表本屆政府上任第四年《施政匯報》
04-07-2016; 行政長官會見傳媒談話全文
01-07-2016; 二○一六年授勳名單
30-06-2016; 行政長官委任海濱事務委員會成員
29-06-2016; 香港特別行政區成立十九周年活動
29-06-2016; 回應傳媒查詢
28-06-2016; 行政長官於行政會議前會見傳媒談話全文
27-06-2016; 行政長官感謝中央政府同意啟動磋商現行通報機制
24-06-2016; 行政長官在觀塘消防局簽署弔唁冊後會見傳媒談話全文
24-06-2016; 政府公布香港科技園公司董事局成員任命
24-06-2016; 行政長官就牛頭角道四級火警會見傳媒談話全文（四）
24-06-2016; 行政長官就牛頭角道四級火警會見傳媒談話全文（三）
24-06-2016; 行政長官就牛頭角道四級火警會見傳媒談話全文（二）
24-06-2016; 行政長官就牛頭角道四級火警會見傳媒談話全文（一）
23-06-2016; 行政長官主持高層會議跟進牛池灣四級火警
21-06-2016; 行政長官會見傳媒談話全文
21-06-2016; 行政長官於行政會議前會見傳媒談話全文
20-06-2016; 與商界領袖午宴討論氣候變化
20-06-2016; 行政長官及保安局局長會見傳媒談話全文
20-06-2016; 行政長官與傳媒談話全文
17-06-2016; 署理行政長官會見傳媒談話全文
14-06-2016; 署理行政長官於行政會議前會見傳媒談話全文
12-06-2016; 署理行政長官會見傳媒談話全文
12-06-2016; 署理行政長官哀悼劉展灝逝世
10-06-2016; 行政長官在香港國際機場會見傳媒談話全文
10-06-2016; 委任司法人員推薦委員會委員
09-06-2016; 行政長官與法國總理及法國社群會面
09-06-2016; 行政長官休假
08-06-2016; 行政長官法國之行以創新及科技為重心
07-06-2016; 行政長官訪問法國航天航空樞紐
07-06-2016; 署理行政長官於行政會議前會見傳媒談話全文
07-06-2016; 行政長官出發訪問法國前會見傳媒談話全文
01-06-2016; 政府委任離職公務員就業申請諮詢委員會主席和委員
31-05-2016; 奇妙電視獲批免費電視牌照
31-05-2016; 行政長官辦公室回應傳媒查詢
31-05-2016; 行政長官於行政會議前會見傳媒談話全文
30-05-2016; 行政長官訪問法國
29-05-2016; 行政長官會見傳媒談話全文
28-05-2016; 行政長官發表《香港家書》
27-05-2016; 獨立監察警方處理投訴委員會成員任命公布
26-05-2016; 行政長官簽署《２０１６年香港教育學院（修訂）條例草案》
24-05-2016; 委任司法人員
24-05-2016; 行政長官於行政會議前會見傳媒談話全文
23-05-2016; 行政長官與海關總署署長會面
19-05-2016; 行政長官與俄羅斯副總理兼總統駐遠東聯邦區全權代表會面
19-05-2016; 行政長官會見傳媒談話全文
19-05-2016; 香港首個污泥處理設施Ｔ．ＰＡＲＫ［源．區］開幕
19-05-2016; 行政長官聲明
19-05-2016; 政府委任市區重建局行政總監
19-05-2016; 全國人大常委會委員長結束訪問香港
19-05-2016; 全國人大常委會委員長視察公共租住屋邨
19-05-2016; 全國人大常委會委員長到訪安老設施探望長者
19-05-2016; 全國人大常委會委員長會見各界人士
18-05-2016; 全國人大常委會委員長出席香港各界歡迎晚宴
18-05-2016; 行政長官在香港科學園的開場發言
18-05-2016; 全國人大常委會委員長聽取創科工作介紹
18-05-2016; 全國人大常委會委員長出席「一帶一路高峰論壇」
17-05-2016; 全國人大常委會委員長出席禮賓府晚宴
17-05-2016; 全國人大常委會委員長視察發展局
17-05-2016; 全國人大常委會委員長聽取特區政府工作匯報
17-05-2016; 全國人大常委會委員長與行政長官會晤
17-05-2016; 全國人大常委會委員長抵港訪問三天
11-05-2016; 行政長官收到食水含鉛超標調查委員會報告
10-05-2016; 行政長官核准委任香港交易所主席
10-05-2016; 行政長官於行政會議前會見傳媒談話全文
09-05-2016; 行政長官與江西省委書記會面
03-05-2016; 行政長官於行政會議前會見傳媒談話全文
29-04-2016; 短期署任安排
26-04-2016; 行政長官於行政會議前會見傳媒談話全文
25-04-2016; 行政長官聲明
15-04-2016; 行政長官參觀惠州及深圳高端技術香港企業
14-04-2016; 行政長官邀請全國人大常委會委員長出席「一帶一路」高峰論壇
12-04-2016; 行政長官於行政會議前會見傳媒談話全文
10-04-2016; 行政長官與內蒙古自治區代理主席會面
08-04-2016; 行政長官會見傳媒談話全文
08-04-2016; 行政長官與英國外交及聯邦事務大臣會面
07-04-2016; 行政長官聲明
07-04-2016; 行政長官與蒙古總理會面
07-04-2016; 行政長官與海南省省長會面
06-04-2016; 行政長官與澳洲昆士蘭州州長兼藝術部長會面
06-04-2016; 行政長官與亞投行行長會面
05-04-2016; 行政長官於行政會議前會見傳媒談話全文
29-03-2016; 行政長官與深圳市委書記會面
24-03-2016; 行政長官海南會見傳媒談話全文
24-03-2016; 行政長官與出席博鰲亞洲論壇年會政要會面
23-03-2016; 行政長官在香港國際機場會見傳媒談話全文
22-03-2016; 行政長官與最高人民法院常務副院長會面
22-03-2016; 行政長官與立陶宛共和國總理會面
22-03-2016; 行政長官於行政會議前會見傳媒談話全文
21-03-2016; 行政長官與國家海洋局局長會面
21-03-2016; 行政長官出席博鰲亞洲論壇年會
17-03-2016; 國家「十三五」規劃綱要港澳專章
17-03-2016; 行政長官接納李慧琼呈辭並委任葉國謙為行政會議成員
15-03-2016; 行政長官於行政會議前會見傳媒談話全文
09-03-2016; 行政長官與金融發展局成員會面
06-03-2016; 行政長官北京會見傳媒談話全文
06-03-2016; 香港禮賓府三月十三日開放日
05-03-2016; 行政長官歡迎國際單車聯盟明年在港舉行世界場地錦標賽
04-03-2016; 行政長官北京會見傳媒談話全文
03-03-2016; 行政長官北京會見傳媒談話全文
01-03-2016; 行政長官及保安局局長於行政會議前會見傳媒談話全文
01-03-2016; 行政長官與美國財政部部長會面
29-02-2016; 行政長官與深圳市市長會面
26-02-2016; 行政長官列席人大會議開幕式
26-02-2016; 行政長官與法國財政和公共帳目部部長會面
26-02-2016; 行政長官與特拉維夫大學校長會面
25-02-2016; 行政長官與中國氣候變化事務特別代表會面
24-02-2016; 行政長官就二零一六╱一七年度《財政預算案》發表聲明
16-02-2016; 行政長官於行政會議前會見傳媒談話全文
14-02-2016; 行政長官會見傳媒談話全文
09-02-2016; 行政長官會見傳媒談話全文
09-02-2016; 行政長官及保安局局長會見傳媒談話全文
07-02-2016; 行政長官發表農曆新年賀辭
06-02-2016; 行政長官和夫人向市民拜年
06-02-2016; 行政長官出席香港警察學院結業會操
05-02-2016; 行政長官到衞生防護中心了解寨卡病毒防控措施
05-02-2016; 行政長官在香港國際機場會見傳媒談話全文
04-02-2016; 行政長官繼續印度訪問行程
02-02-2016; 行政長官展開印度訪問行程
02-02-2016; 署理行政長官於行政會議前會見傳媒談話全文
01-02-2016; 行政長官在香港國際機場會見傳媒談話全文
30-01-2016; 行政長官祝賀李慧詩勇奪亞錦賽金牌
29-01-2016; 副局長及政治助理委出
28-01-2016; 行政長官訪問印度
26-01-2016; 行政長官於行政會議前會見傳媒談話全文
20-01-2016; 行政長官出席青協施政報告論壇總結發言
20-01-2016; 行政長官出席青協施政報告論壇開場發言
19-01-2016; 行政長官與瑞典金融市場及消費者事務部長及財政部副部長會面
19-01-2016; 行政長官於行政會議前會見傳媒談話全文
18-01-2016; 亞洲金融論壇探討亞洲在全球經濟增長的角色
18-01-2016; 行政長官與出席亞洲金融論壇政要及財金領袖會面
18-01-2016; 行政長官會見傳媒談話全文
17-01-2016; 行政長官與俄羅斯副總理會面
17-01-2016; 行政長官會見傳媒談話全文
14-01-2016; 行政長官《施政報告》答問會答問全文（七）
14-01-2016; 行政長官《施政報告》答問會答問全文（六）
14-01-2016; 行政長官《施政報告》答問會答問全文（五）
14-01-2016; 行政長官《施政報告》答問會答問全文（四）
14-01-2016; 行政長官《施政報告》答問會答問全文（三）
14-01-2016; 行政長官《施政報告》答問會答問全文（二）
14-01-2016; 行政長官《施政報告》答問會答問全文（一）
14-01-2016; 行政長官《施政報告》答問會開場發言
13-01-2016; 行政長官《施政報告》記者會答問全文
13-01-2016; 行政長官出席《施政報告》電視論壇開場發言
13-01-2016; 行政長官《施政報告》記者會答問全文（二）
13-01-2016; 行政長官《施政報告》記者會答問全文（一）
13-01-2016; 行政長官宣布安老助弱措施
13-01-2016; 行政長官說政府將繼續增加房屋供應
13-01-2016; 《施政報告》大力推動創新科技
13-01-2016; 行政長官在《施政報告》宣布落實免費優質幼稚園教育
13-01-2016; 行政長官在二零一六年《施政報告》宣布一系列範圍廣泛的政策措施
12-01-2016; 行政長官於行政會議前會見傳媒談話全文
11-01-2016; 行政長官將向立法會發表《施政報告》
10-01-2016; 大嶼山發展諮詢委員會向行政長官呈交第一屆工作報告
05-01-2016; 行政長官於行政會議前會見傳媒談話全文
04-01-2016; 行政長官及署理保安局局長會見傳媒談話全文
30-12-2015; 行政長官辦公室聲明
24-12-2015; 行政長官在香港國際機場會見傳媒談話全文
24-12-2015; 行政長官休假
23-12-2015; 行政長官在北京會見傳媒談話全文
21-12-2015; 行政長官在香港國際機場會見傳媒談話全文
17-12-2015; 行政長官前往北京述職
15-12-2015; 行政長官於行政會議前會見傳媒談話全文
12-12-2015; 行政長官與哈薩克斯坦共和國總理會面
08-12-2015; 行政長官於行政會議前會見傳媒談話全文
08-12-2015; 行政長官哀悼杜葉錫恩博士逝世
06-12-2015; 行政長官會見傳媒答問全文
04-12-2015; 行政長官在廣東江門會見傳媒談話全文
03-12-2015; 行政長官與世界知識產權組織總幹事會面
01-12-2015; 行政長官訪問廣東
01-12-2015; 行政長官於行政會議前會見傳媒談話全文
24-11-2015; 行政長官於行政會議前會見傳媒談話全文
23-11-2015; 行政長官巡視點票站後談區議會選舉
22-11-2015; 行政長官談區議會選舉
20-11-2015; 行政長官與美國商務部部長會面
20-11-2015; 行政長官恭賀胡兆康勇奪世界盃保齡球賽金牌
20-11-2015; 行政長官及創新及科技局局長會見傳媒談話全文
20-11-2015; 政府公布創新及科技局局長任命
19-11-2015; 行政長官在香港國際機場會見傳媒談話全文
19-11-2015; 行政長官支持在亞太地區建立自由貿易區
18-11-2015; 行政長官於馬尼拉會見傳媒談話全文
17-11-2015; 行政長官在亞太經合組織工商領導人峰會推廣自由貿易
17-11-2015; 署理行政長官於行政會議前會見傳媒談話全文
16-11-2015; 行政長官在香港國際機場會見傳媒談話全文
15-11-2015; 特區政府官員與長者慶祝長者日
14-11-2015; 行政長官譴責巴黎恐怖襲擊事件
13-11-2015; 行政長官赴菲律賓出席亞太區經濟合作組織會議
10-11-2015; 行政長官與加拿大安大略省省長會面
10-11-2015; 行政長官於行政會議前會見傳媒談話全文
09-11-2015; 行政長官歡迎麻省理工學院在港設立創新中心
08-11-2015; 行政長官與美國眾議院民主黨議員會面
06-11-2015; 行政長官歡迎立法會通過撥款成立創新及科技局
05-11-2015; 行政長官與蒙特利爾市長會面
03-11-2015; 行政長官於行政會議前會見傳媒談話全文
01-11-2015; 香港禮賓府十一月八日開放日
01-11-2015; 行政長官與國家衞生和計劃生育委員會主任會面
31-10-2015; 行政長官主持二○一五年度勳銜頒授典禮
28-10-2015; 行政長官會見傳媒談話全文
28-10-2015; 行政長官視察屯門至赤鱲角連接路工程
28-10-2015; 行政長官與阿爾巴尼亞共和國總理會面
27-10-2015; 行政長官於行政會議前會見傳媒談話全文
24-10-2015; 行政長官會見傳媒答問全文
24-10-2015; 行政長官召開跨部門會議跟進汲水門大橋事故
23-10-2015; 行政長官與日本香港友好議員連盟會長會面
22-10-2015; 行政長官答問會答問全文（四）
22-10-2015; 行政長官答問會答問全文（三）
22-10-2015; 行政長官答問會答問全文（二）
22-10-2015; 行政長官答問會答問全文（一）
22-10-2015; 《施政報告》及《財政預算案》公眾諮詢正式展開
22-10-2015; 行政長官答問會開場發言
20-10-2015; 行政長官於行政會議前會見傳媒談話全文
18-10-2015; 行政長官與克羅地亞共和國總統會面
17-10-2015; 行政長官於香港國際機場會見傳媒談話全文
16-10-2015; 行政長官促進香港與倫敦的聯繫
16-10-2015; 行政長官在倫敦與英國政界領袖會面
16-10-2015; 香港和英國簽署衞生合作諒解備忘錄
14-10-2015; 行政長官以色列之行以科技為重心
13-10-2015; 行政長官向以色列總理介紹香港優勢
13-10-2015; 署理行政長官於行政會議前會見傳媒談話全文
12-10-2015; 行政長官於香港國際機場會見傳媒談話全文
10-10-2015; 行政長官主持２０１５年扶貧委員會高峰會
10-10-2015; 行政長官和政務司司長於扶貧委員會高峰會後會見傳媒談話全文
10-10-2015; 行政長官出席扶貧委員會高峰會開場發言
07-10-2015; 行政長官訪問以色列及英國
06-10-2015; 行政長官於行政會議前會見傳媒談話全文
29-09-2015; 行政長官於行政會議前會見傳媒談話全文
25-09-2015; 行政長官與國家首席大法官、最高人民法院院長會面
22-09-2015; 行政長官於行政會議前會見傳媒談話全文
21-09-2015; 行政長官與印度財長會面
20-09-2015; 行政長官歡迎中美影視合作企業在香港設立總部
18-09-2015; 副局長委出
17-09-2015; 行政長官推動香港與印尼建立更緊密連繫
17-09-2015; 行政長官於雅加達會見傳媒談話全文
16-09-2015; 行政長官於雅加達會見傳媒談話全文
16-09-2015; 行政長官歡迎印尼同意香港於雅加達開設經濟貿易辦事處
16-09-2015; 行政長官在香港國際機場會見傳媒談話全文
15-09-2015; 行政長官於行政會議前會見傳媒談話全文
11-09-2015; 行政長官出訪雅加達
11-09-2015; 行政長官與瑞典工商和創新大臣會面
09-09-2015; 教資會五十周年慶祝酒會暨傑出教學獎頒獎典禮
09-09-2015; 粵港合作聯席會議第十八次會議在香港舉行
09-09-2015; 行政長官於粵港合作聯席會議第十八次會議後會見傳媒談話全文
09-09-2015; 行政長官出席粵港合作聯席會議第十八次會議開場發言
08-09-2015; 行政長官於行政會議前會見傳媒談話全文
04-09-2015; 行政長官嘉許公務員的服務
03-09-2015; 行政長官北京會見傳媒談話全文
02-09-2015; 行政長官在香港國際機場會見傳媒談話全文
01-09-2015; 行政長官於行政會議前會見傳媒談話全文
01-09-2015; 行政長官率團赴京出席中國人民抗日戰爭勝利七十周年紀念活動
28-08-2015; 行政長官與亞投行候任行長會面
25-08-2015; 行政長官於行政會議前會見傳媒談話全文
24-08-2015; 行政長官與深圳市委書記會面
22-08-2015; 行政長官與全國政協副主席兼中國科協主席會面
21-08-2015; 行政長官與美國參議院對外事務委員會委員會面
18-08-2015; 行政長官與中國科協常務副主席兼書記處第一書記會面
18-08-2015; 行政長官於行政會議前會見傳媒談話全文
17-08-2015; 行政長官創新及科技顧問澄清報道
17-08-2015; 行政長官與美國國會非洲裔議員小組代表團會面
13-08-2015; 行政長官會見傳媒答問全文
13-08-2015; 行政長官會見傳媒開場發言
13-08-2015; 行政長官、行政會議成員及政治委任官員更新利益申報
12-08-2015; 行政長官珠海會見傳媒談話全文
12-08-2015; 行政長官前往珠海訪問前會見傳媒談話全文
10-08-2015; 行政長官訪問珠海
05-08-2015; 行政長官返港
05-08-2015; 署理行政長官對林家聲博士逝世深感惋惜
31-07-2015; 署理行政長官聲明
29-07-2015; 行政長官休假
24-07-2015; 行政長官與英國外交及聯邦事務部國務大臣會面
23-07-2015; 行政長官訪問科學園
21-07-2015; 行政長官會見傳媒談話全文
21-07-2015; 政府公布主要官員任免
21-07-2015; 行政長官於行政會議前會見傳媒談話全文
18-07-2015; 行政長官對立法會繼續拉布表示遺憾
17-07-2015; 行政長官會見傳媒答問全文
17-07-2015; 行政長官會見傳媒開場發言
15-07-2015; 行政長官哀悼萬里逝世
14-07-2015; 行政長官參觀香港專業教育學院後會見傳媒談話全文
14-07-2015; 行政長官到訪香港專業教育學院
14-07-2015; 行政長官於行政會議前會見傳媒談話全文
13-07-2015; 行政長官北京會見傳媒談話全文
12-07-2015; 行政長官會見傳媒談話全文
10-07-2015; 行政長官頒授卓越教學獎予教師
10-07-2015; 行政長官深圳會見傳媒談話全文
10-07-2015; 行政長官出訪北京
09-07-2015; 行政長官答問會答問全文（三）
09-07-2015; 行政長官答問會答問全文（二）
09-07-2015; 行政長官答問會答問全文（一）
09-07-2015; 行政長官答問會開場發言
08-07-2015; 行政長官前赴深圳
07-07-2015; 行政長官於行政會議前會見傳媒談話全文
02-07-2015; 行政長官會同行政會議批准大老山隧道加費
01-07-2015; 行政長官會見傳媒談話全文
30-06-2015; 行政長官於行政會議前會見傳媒談話全文
27-06-2015; 行政長官為全港青少年禁毒運動揭幕
27-06-2015; 香港特別行政區成立十八周年慶祝活動
26-06-2015; 行政長官會見傳媒談話全文
26-06-2015; 行政長官委任新一屆海濱事務委員會成員
24-06-2015; 行政長官與珠海市委書記及珠海市市長會面
23-06-2015; 行政長官於行政會議前會見傳媒談話全文
19-06-2015; 行政長官會見傳媒答問全文
19-06-2015; 行政長官會見傳媒開場發言
18-06-2015; 行政長官會見傳媒答問全文
18-06-2015; 行政長官會見傳媒開場發言
16-06-2015; 行政長官於行政會議前會見傳媒談話全文
14-06-2015; 行政長官會見傳媒談話全文
12-06-2015; 行政長官於香港國際機場會見傳媒談話全文
11-06-2015; 行政長官在芝加哥會見傳媒談話全文
11-06-2015; 行政長官繼續芝加哥訪問行程
09-06-2015; 行政長官在多倫多會見傳媒談話全文
09-06-2015; 行政長官展開多倫多訪問行程
09-06-2015; 署理行政長官於行政會議前會見傳媒談話全文
07-06-2015; 行政長官會見傳媒談話全文
05-06-2015; 行政長官和食物及衞生局局長會見傳媒談話全文
05-06-2015; 行政長官視察機場港口衞生措施
04-06-2015; 行政長官訪問多倫多及芝加哥
02-06-2015; 行政長官與湖南省省長會面
02-06-2015; 行政長官於行政會議前會見傳媒談話全文
01-06-2015; 行政長官與福建省委書記會面
31-05-2015; 行政長官深圳會見傳媒談話全文
28-05-2015; 行政長官答問會答問全文（四）
28-05-2015; 行政長官答問會答問全文（三）
28-05-2015; 行政長官答問會答問全文（二）
28-05-2015; 行政長官答問會答問全文（一）
28-05-2015; 行政長官答問會開場發言
27-05-2015; 行政長官與江西省省長會面
27-05-2015; 行政長官到訪警務處
26-05-2015; 行政長官視察幼稚園運作
26-05-2015; 行政長官於行政會議前會見傳媒談話全文
22-05-2015; 行政長官歡迎落實內地及香港基金互認安排
21-05-2015; 行政長官辦公室回應
19-05-2015; 署理行政長官於行政會議前會見傳媒談話全文
18-05-2015; 署理行政長官與雲南省省長會面
16-05-2015; 署理行政長官對楊光逝世表示哀悼
15-05-2015; 行政長官休假
12-05-2015; 行政長官於行政會議前會見傳媒談話全文
08-05-2015; 行政長官於香港國際機場會見傳媒談話全文
08-05-2015; 行政長官與美國國會代表團會面
08-05-2015; 行政長官與深圳市委書記會面
07-05-2015; 行政長官與四川省省長會面
07-05-2015; 行政長官前赴北京送別魯平主任
07-05-2015; 行政長官與中國社會科學院院長會面
07-05-2015; 行政長官於香港國際機場會見傳媒談話全文
06-05-2015; 行政長官訪問波士頓
05-05-2015; 署理行政長官於行政會議前會見傳媒談話全文
04-05-2015; 行政長官在香港國際機場會見傳媒談話全文
04-05-2015; 行政長官沉痛悼念魯平主任
02-05-2015; 行政長官對在尼泊爾港人安全返港表示欣慰
01-05-2015; 行政長官前赴波士頓
28-04-2015; 行政長官於行政會議前會見傳媒談話全文
26-04-2015; 行政長官在東盟領袖論壇推介香港「超級聯繫人」角色
26-04-2015; 行政長官在吉隆坡會見傳媒談話全文（二）
26-04-2015; 行政長官向尼泊爾地震受災人民表示深切慰問
26-04-2015; 行政長官在吉隆坡會見傳媒談話全文
25-04-2015; 行政長官於香港國際機場會見傳媒談話全文
25-04-2015; 行政長官發表《香港家書》
23-04-2015; 行政長官會見傳媒答問全文
22-04-2015; 行政長官會見傳媒答問全文
22-04-2015; 行政長官會見傳媒開場發言
21-04-2015; 行政長官出訪吉隆坡
21-04-2015; 行政長官哀悼羅保爵士逝世
21-04-2015; 行政長官出席中國（廣東）自由貿易試驗區掛牌儀式
21-04-2015; 署理行政長官於行政會議前會見傳媒談話全文
20-04-2015; 行政長官前赴南沙出席中國（廣東）自由貿易試驗區掛牌儀式
14-04-2015; 行政長官於行政會議前會見傳媒談話全文
13-04-2015; 行政長官哀悼黃麗松博士逝世
13-04-2015; 行政長官就「一周一行」簽注會見傳媒答問全文
13-04-2015; 行政長官會見傳媒談「一周一行」簽注開場發言
11-04-2015; 行政長官與國家衞計委副主任兼國家中藥局局長會面
10-04-2015; 行政長官上海會見傳媒談話全文
10-04-2015; 滬港經貿合作會議第三次會議
10-04-2015; 行政長官出席滬港經貿合作會議第三次會議開場發言
08-04-2015; 行政長官在武漢會見傳媒談話全文
08-04-2015; 行政長官會見傳媒談話全文
05-04-2015; 行政長官聲明
04-04-2015; 行政長官會見傳媒談話全文
02-04-2015; 行政長官訪問武漢及上海
01-04-2015; 行會就亞視及香港電視娛樂免費電視牌照申請作出決定
01-04-2015; 行政長官委任創新及科技諮詢委員會成員
31-03-2015; 行政長官於行政會議前會見傳媒談話全文
28-03-2015; 行政長官海南會見傳媒談話全文
27-03-2015; 行政長官於香港國際機場會見傳媒談話全文
26-03-2015; 行政長官答問會答問全文（四）
26-03-2015; 行政長官答問會答問全文（三）
26-03-2015; 行政長官答問會答問全文（二）
26-03-2015; 行政長官答問會答問全文（一）
26-03-2015; 行政長官答問會開場發言
25-03-2015; 行政長官辦公室聲明
25-03-2015; 行政長官出席博鰲亞洲論壇年會
24-03-2015; 行政長官與廣州市市長會面
24-03-2015; 行政長官於行政會議前會見傳媒談話全文
23-03-2015; 行政長官哀悼李光耀逝世
18-03-2015; 行政長官對食環署小販管理主任離世深感悲痛
18-03-2015; 立法會五題：行政長官的述職安排
17-03-2015; 行政長官會見傳媒談話全文
17-03-2015; 行政長官於行政會議前會見傳媒談話全文
08-03-2015; 行政長官辦公室回應
08-03-2015; 香港禮賓府三月十五日開放日
06-03-2015; 行政長官北京會見傳媒談話全文
03-03-2015; 行政長官北京會見傳媒談話全文
02-03-2015; 行政長官談任命安排（二）
02-03-2015; 行政長官談任命安排（一）
02-03-2015; 行政長官公布任命安排
28-02-2015; 行政長官會見傳媒談話全文
27-02-2015; 立法會新春午宴
27-02-2015; 行政長官列席人大會議開幕式
25-02-2015; 行政長官就二零一五∕一六年度《財政預算案》發表聲明
24-02-2015; 行政長官於行政會議前會見傳媒談話全文
18-02-2015; 行政長官發表農曆新年賀辭
17-02-2015; 行政長官和夫人向市民拜年
16-02-2015; 行政長官辦公室回應壹週刊報道
14-02-2015; 行政長官會見傳媒談話全文
14-02-2015; 行政長官休假
12-02-2015; 行政長官辦公室回應
10-02-2015; 行政長官於行政會議前會見傳媒談話全文
08-02-2015; 行政長官辦公室回應
04-02-2015; 行政長官辦公室聲明
03-02-2015; 行政長官於行政會議前會見傳媒談話全文
02-02-2015; 行政長官會見傳媒談話全文
30-01-2015; 政府公布高鐵香港段項目獨立專家小組報告
28-01-2015; 行政長官前赴廣州及深圳
27-01-2015; 行政長官於行政會議前會見傳媒談話全文
21-01-2015; 行政長官與中國證券監督管理委員會主席會面
20-01-2015; 行政長官與諾貝爾經濟學獎得主會面
20-01-2015; 行政長官與中國工商銀行股份有限公司董事長會面
20-01-2015; 行政長官於行政會議前會見傳媒談話全文
19-01-2015; 行政長官與中國投資有限責任公司董事長兼首席執行官會面
17-01-2015; 行政長官發表《香港家書》
16-01-2015; 行政長官及政治委任官員的薪酬回復至財務委員會批准的水平
15-01-2015; 行政長官《施政報告》答問會答問全文（五）
15-01-2015; 行政長官《施政報告》答問會答問全文（四）
15-01-2015; 行政長官《施政報告》答問會答問全文（三）
15-01-2015; 行政長官《施政報告》答問會答問全文（二）
15-01-2015; 行政長官《施政報告》答問會答問全文（一）
15-01-2015; 行政長官《施政報告》答問會開場發言
14-01-2015; 行政長官《施政報告》記者會答問全文（二）
14-01-2015; 行政長官出席《施政報告》電視論壇開場發言
14-01-2015; 行政長官《施政報告》記者會答問全文（一）
14-01-2015; 行政長官《施政報告》記者會開場發言
14-01-2015; 行政長官提出五大策略以應對人口結構變化帶來的挑戰
14-01-2015; 行政長官在《施政報告》就擴大房屋土地供應列出計劃
14-01-2015; 《施政報告》以經濟、房屋及人口政策為重點
13-01-2015; 《施政報告》聯合烽煙節目
13-01-2015; 行政長官於行政會議前會見傳媒談話全文
12-01-2015; 《施政報告》及有關刊物星期三公開派發
12-01-2015; 行政長官將向立法會發表施政報告
08-01-2015; 行政長官會見傳媒談話全文
07-01-2015; 行政長官聲明
06-01-2015; 行政長官聲明
30-12-2014; 行政長官哀悼夏利萊博士逝世
26-12-2014; 行政長官在北京會見傳媒談話全文
25-12-2014; 行政長官於香港國際機場會見傳媒談話全文
23-12-2014; 行政長官北京述職安排
22-12-2014; 行政長官會見傳媒談話全文
21-12-2014; 行政長官前往北京述職
19-12-2014; 委任香港演藝學院校董會
18-12-2014; 行政長官會見傳媒談話全文
18-12-2014; 行政長官與芝加哥大學校長會面
18-12-2014; 《內地與香港關於建立更緊密經貿關係的安排》框架下簽署新的協議以基本實現廣東與香港服務貿易自由化
17-12-2014; 行政長官前赴澳門
16-12-2014; 行政長官於行政會議前會見傳媒談話全文
15-12-2014; 行政長官發表聲明
15-12-2014; 行政長官收到廣深港高速鐵路香港段項目獨立專家小組呈交的報告
15-12-2014; 行政長官會見傳媒談話全文
12-12-2014; 行政長官會見傳媒談話全文
11-12-2014; 行政長官與阿布扎比投資局代表團成員會面
09-12-2014; 行政長官於行政會議前會見傳媒談話全文
08-12-2014; 委任司法人員薪俸及服務條件常務委員會主席及委員
07-12-2014; 行政長官深圳前海會見傳媒談話全文
05-12-2014; 行政長官傍晚在惠州會見傳媒談話全文
05-12-2014; 行政長官在惠州會見傳媒談話全文
05-12-2014; 行政長官前赴深圳前海
03-12-2014; 行政長官辦公室聲明
03-12-2014; 行政長官前赴惠州
02-12-2014; 行政長官於行政會議前會見傳媒談話全文
01-12-2014; 行政長官會見傳媒談話全文
29-11-2014; 行政長官、政務司司長和勞工及福利局局長出席扶貧委員會會議後會見傳媒談話全文
29-11-2014; 扶貧委員會召開第十五次會議
28-11-2014; 行政長官委任第二屆扶貧委員會成員
27-11-2014; 行政長官在韓國會見傳媒談話全文
26-11-2014; 行政長官訪問韓國
25-11-2014; 署理行政長官會見傳媒談話全文
25-11-2014; 行政長官於香港國際機場會見傳媒發言全文
25-11-2014; 行政長官於行政會議前會見傳媒談話全文
24-11-2014; 行政長官與以色列特拉維夫市長會面
22-11-2014; 行政長官會見傳媒談話全文
21-11-2014; 行政長官出訪韓國
18-11-2014; 行政長官於行政會議前會見傳媒談話全文
16-11-2014; 行政長官深切哀悼覺光長老示寂
12-11-2014; 行政長官北京會見傳媒談話全文
12-11-2014; 行政長官歡迎取消香港居民人民幣兌換限額
11-11-2014; 署理行政長官於行政會議前會見傳媒談話全文
10-11-2014; 行政長官在亞太經合組織會議提倡貿易投資自由化
10-11-2014; 行政長官歡迎滬港通開通
09-11-2014; 行政長官出席亞太經合組織峰會強調香港超級聯繫人角色
09-11-2014; 行政長官北京會見傳媒談話全文
08-11-2014; 行政長官會見傳媒談話全文
06-11-2014; 行政長官於粵港合作聯席會議第十七次會議後會見傳媒談話全文
06-11-2014; 行政長官赴北京出席亞太區經濟合作組織會議
05-11-2014; 行政長官辦公室聲明
04-11-2014; 行政長官出席粵港合作聯席會議
04-11-2014; 行政長官於行政會議前會見傳媒談話全文
01-11-2014; 行政長官祝賀中國飛行器首次成功繞月返回
29-10-2014; 行政長官辦公室聲明
28-10-2014; 行政長官於行政會議前會見傳媒談話全文
27-10-2014; 行政長官辦公室聲明
26-10-2014; 行政長官辦公室回應記者遇襲事件
25-10-2014; 行政長官辦公室聲明
25-10-2014; 行政長官會見傳媒談話全文
25-10-2014; 行政長官歡迎仁川亞殘運會中國香港代表團凱旋返港
24-10-2014; 行政長官讚揚香港運動員在仁川亞殘運會表現優秀
22-10-2014; 行政長官祝賀香港運動員在仁川亞殘運會為香港再奪金牌
22-10-2014; 《基本法》要求行政長官兼顧各界別各階層需要
21-10-2014; 行政長官祝賀香港運動員在仁川亞殘運會奪得金牌
21-10-2014; 行政長官辦公室聲明
21-10-2014; 行政長官會見傳媒談話全文
20-10-2014; 行政長官祝賀香港運動員在仁川亞殘運會奪得金牌
19-10-2014; 行政長官祝賀運動員在仁川亞殘運會為香港奪取金牌
18-10-2014; 行政長官主持二○一四年度勳銜頒授典禮
16-10-2014; 行政長官、政務司司長和政制及內地事務局局長會見傳媒談話全文（二）
16-10-2014; 行政長官、政務司司長和政制及內地事務局局長會見傳媒談話全文（一）
16-10-2014; 《施政報告》及《財政預算案》公眾諮詢正式展開
15-10-2014; 行政長官會見傳媒談話全文
15-10-2014; 行政長官立法會答問會改期
13-10-2014; 特區政府與粵澳聯合承辦第十屆泛珠三角區域合作與發展論壇暨經貿洽談會
13-10-2014; 行政長官廣州會見傳媒談話全文
12-10-2014; 行政長官辦公室回應傳媒工會聲明
10-10-2014; 特區政府官員赴廣州出席泛珠三角論壇
08-10-2014; 行政長官辦公室回應蘋果日報報道
06-10-2014; 行政長官電視講話
05-10-2014; 行政長官讚揚香港運動員在仁川亞運會表現優秀
04-10-2014; 行政長官電視講話
03-10-2014; 行政長官訪港鐵車務控制中心
03-10-2014; 行政長官緊急呼籲
03-10-2014; 行政長官會見傳媒談話全文
03-10-2014; 行政長官和政務司司長會見傳媒談話全文
30-09-2014; 行政長官祝賀香港運動員在仁川亞運會奪得金牌
30-09-2014; 行政長官於行政會議前會見傳媒談話全文
29-09-2014; 行政長官向全港巿民發表談話
28-09-2014; 記者會答問全文
28-09-2014; 行政長官記者會開場發言
25-09-2014; 行政長官祝賀體操運動員石偉雄在仁川亞運會奪得金牌
25-09-2014; 行政長官祝賀李慧詩在仁川亞運會再奪金牌
25-09-2014; 行政長官辦公室回應有學生團體要求與行政長官會面
24-09-2014; 行政長官祝賀香港運動員在仁川亞運會為香港再奪金牌
23-09-2014; 行政長官於行政會議前會見傳媒談話全文
21-09-2014; 行政長官祝賀李慧詩奪今屆亞運會首面金牌
21-09-2014; 行政長官與俄羅斯聯邦委員會主席會面
19-09-2014; 行政長官會見傳媒談話全文
19-09-2014; 行政長官辦公室回應傳媒查詢
17-09-2014; 行政長官與新加坡總理會面
13-09-2014; 行政長官哀悼張建東博士逝世
12-09-2014; 新加坡總理訪港
06-09-2014; 行政長官發表《香港家書》
05-09-2014; 特區政府回應傳媒查詢
05-09-2014; 行政長官與國家文化部部長會面
05-09-2014; 行政長官會見傳媒談話全文
04-09-2014; 行政長官辦公室回應傳媒查詢
02-09-2014; 行政長官於行政會議前會見傳媒談話全文
01-09-2014; 李飛、張榮順及馮巍來港出席政制發展簡介會
01-09-2014; 行政長官會見傳媒談話全文
01-09-2014; 中國人民抗日戰爭勝利紀念儀式
01-09-2014; 政府成立資歷架構基金及委任督導委員會成員
31-08-2014; 行政長官會見傳媒答問全文
31-08-2014; 行政長官會見傳媒開場發言
31-08-2014; 行政長官恭賀崔世安連任澳門特區行政長官
26-08-2014; 政府舉行官方儀式紀念中國人民抗日戰爭勝利及南京大屠殺
26-08-2014; 行政長官於行政會議前會見傳媒談話全文
22-08-2014; 政府宣布積金局、強積金計劃諮詢委員會及強積金行業計劃委員會任命
21-08-2014; 行政長官與日本香港友好議員連盟代表團會面
19-08-2014; 行政長官會見傳媒談話全文
18-08-2014; 行政長官與美國國會代表團會面
15-08-2014; 行政長官會見傳媒談話全文
13-08-2014; 行政長官與上海證券交易所理事長會面
12-08-2014; 回應傳媒查詢
06-08-2014; 署理行政長官祝願滅罪大使澳洲親善訪問順利
05-08-2014; 行政長官休假
04-08-2014; 行政長官對雲南地震造成嚴重傷亡表示哀悼及慰問
01-08-2014; 行政長官對台灣氣體爆炸事件造成傷亡表示哀悼及慰問
31-07-2014; 副局長委出
29-07-2014; 行政長官於行政會議前會見傳媒談話全文
26-07-2014; 行政長官會見傳媒談話全文
25-07-2014; 行政長官與世界銀行集團行長會面
24-07-2014; 行政長官對台灣空難事件表示哀悼
22-07-2014; 行政長官與日本國會眾議院預算委員會代表團會面
22-07-2014; 行政長官於行政會議前會見傳媒談話全文
21-07-2014; 行政長官與國家航天局副局長會面
19-07-2014; 行政長官會見傳媒談話全文
15-07-2014; 政制發展公眾諮詢報告記者會答問全文（二）
15-07-2014; 政制發展公眾諮詢報告記者會答問全文（一）
15-07-2014; 行政長官出席政制發展公眾諮詢報告記者會開場發言
15-07-2014; 政府發表政制發展公眾諮詢報告
15-07-2014; 行政長官於行政會議前會見傳媒談話全文
14-07-2014; 行政長官、行政會議成員及政治委任官員更新利益申報
11-07-2014; 行政長官頒授卓越教學獎予教師
08-07-2014; 行政長官會見傳媒談話全文
03-07-2014; 行政長官與馬其頓共和國總理會面
03-07-2014; 行政長官答問會答問全文（四）
03-07-2014; 行政長官辦公室聲明
03-07-2014; 行政長官答問會答問全文（三）
03-07-2014; 行政長官答問會答問全文（二）
03-07-2014; 行政長官答問會答問全文（一）
03-07-2014; 行政長官答問會開場發言
28-06-2014; 行政長官為全港青少年禁毒運動揭幕
28-06-2014; 行政長官會見傳媒談話全文
27-06-2014; 香港特別行政區成立十七周年慶祝活動
24-06-2014; 行政長官會見傳媒談話全文
23-06-2014; 行政長官休假
21-06-2014; 行政長官會見傳媒談話全文
17-06-2014; 行政長官會見傳媒談話全文
14-06-2014; 行政長官會見傳媒談話全文
12-06-2014; 行政長官與台北市市長會面
10-06-2014; 行政長官就《「一國兩制」在香港特別行政區的實踐》白皮書會見傳媒談話全文
10-06-2014; 《「一國兩制」在香港特別行政區的實踐》白皮書
10-06-2014; 行政長官會見傳媒談話全文
04-06-2014; 行政長官哀悼何佐芝逝世
04-06-2014; 行政長官與河南省省長會面
03-06-2014; 行政長官會見傳媒談話全文
29-05-2014; 短期署任安排
27-05-2014; 行政長官會見傳媒談話全文
26-05-2014; 行政長官與國家食品藥品監督管理總局局長會面
22-05-2014; 行政長官答問會答問全文（三）
22-05-2014; 行政長官與深圳市委書記及深圳市市長會面
22-05-2014; 行政長官答問會答問全文（二）
22-05-2014; 行政長官答問會答問全文（一）
22-05-2014; 行政長官於立法會出席行政長官答問會後會見傳媒發言全文
21-05-2014; 行政長官與莫斯科市長會面
20-05-2014; 行政長官會見傳媒談話全文
19-05-2014; 行政長官與江西省委書記會面
16-05-2014; 行政長官會見傳媒談話全文
16-05-2014; 署理行政長官談檢視廣深港高速鐵路（香港段）工程延誤獨立專家小組任命
15-05-2014; 行政長官繼續比利時訪問行程
13-05-2014; 署理行政長官會見傳媒談話全文
13-05-2014; 行政長官展開訪問瑞典行程
11-05-2014; 行政長官會見傳媒談話全文
05-05-2014; 行政長官會見傳媒談話全文
05-05-2014; 行政長官出訪瑞典及比利時
05-05-2014; 行政長官返港
29-04-2014; 署理行政長官會見傳媒談話全文
25-04-2014; 行政長官核准委任香港交易所主席
24-04-2014; 行政長官休假
24-04-2014; 行政長官與美國國會代表團會面
23-04-2014; 行政長官就馬尼拉人質事件會見傳媒答問全文
23-04-2014; 行政長官就馬尼拉人質件會見傳媒開場發言
23-04-2014; 馬尼拉人質事件聯合公告
22-04-2014; 行政長官與美國國會代表團會面
15-04-2014; 行政長官會見傳媒談話全文
13-04-2014; 行政長官在上海會見傳媒談話全文
10-04-2014; 行政長官：香港繼續擔當離岸人民幣業務的開創者
10-04-2014; 行政長官海南會見傳媒談話全文
09-04-2014; 行政長官會見傳媒談話全文
08-04-2014; 行政長官會見傳媒談話全文
07-04-2014; 行政長官與緬甸聯邦議會議長會面
07-04-2014; 行政長官前赴海南及上海
04-04-2014; 行政長官視察港珠澳大橋香港口岸工程後會見傳媒談話全文
04-04-2014; 行政長官視察港珠澳大橋香港口岸工程
01-04-2014; 行政長官會見傳媒談話全文
28-03-2014; 行政長官潮州會見傳媒談話全文
27-03-2014; 行政長官會見傳媒談話全文
25-03-2014; 行政長官會見傳媒談話全文
24-03-2014; 行政長官訪問廣東
22-03-2014; 行政長官與美國眾議院「美中工作小組」代表團會面
21-03-2014; 行政長官與珠海市委書記和珠海市市長會面
21-03-2014; 行政長官與新西蘭總理會面
20-03-2014; 行政長官與羅馬尼亞副總理兼地區發展和公共行政部長會面
18-03-2014; 新西蘭總理訪港
18-03-2014; 行政長官會見傳媒談話全文
17-03-2014; 候任申訴專員就政府委任發表聲明
17-03-2014; 行政長官會見傳媒談話全文
12-03-2014; 行政長官會見傳媒談話全文
12-03-2014; 政治助理委出
11-03-2014; 行政長官會見傳媒談話全文
09-03-2014; 香港禮賓府三月十六日開放日
07-03-2014; 行政長官北京會見傳媒談話全文（二）
07-03-2014; 行政長官北京會見傳媒談話全文（一）
04-03-2014; 行政長官哀悼許崇德教授逝世
04-03-2014; 行政長官於香港國際機場會見傳媒談話全文
02-03-2014; 行政長官對鍾期榮校長逝世深表惋惜
28-02-2014; 行政長官列席人大會議開幕式
27-02-2014; 行政長官談劉進圖遇襲案
26-02-2014; 行政長官談劉進圖遇襲
26-02-2014; 行政長官與國家質量監督檢驗檢疫總局局長會面
26-02-2014; 行政長官就二零一四／一五年度《財政預算案》發表聲明
26-02-2014; 行政長官就世華網絡資源有限公司營運總裁劉進圖遇襲發表聲明
25-02-2014; 行政長官與黑龍江省省長會面
22-02-2014; 行政長官與美國眾議院外委會主席率領的代表團會面
20-02-2014; 行政長官與英國財政大臣會面
18-02-2014; 行政長官會見傳媒談話全文
13-02-2014; 行政長官會見傳媒談話全文
13-02-2014; 行政長官訪問廣東
11-02-2014; 行政長官會見傳媒談話全文
30-01-2014; 行政長官發表農曆新年賀辭
29-01-2014; 行政長官就馬尼拉人質事件會見傳媒答問全文
29-01-2014; 行政長官就馬尼拉人質事件會見傳媒開場發言
29-01-2014; 行政長官和夫人向市民拜年
28-01-2014; 行政長官休假
28-01-2014; 行政長官會見傳媒談話全文
25-01-2014; 行政長官福建廈門會見傳媒談話全文
24-01-2014; 鄧惠鈞離職後工作
23-01-2014; 港閩雙方同意加強合作
23-01-2014; 行政長官會見傳媒談話全文
22-01-2014; 行政長官會見傳媒談話全文
21-01-2014; 行政長官會見傳媒談話全文
20-01-2014; 行政長官會見傳媒發言全文
18-01-2014; 行政長官發表《香港家書》
17-01-2014; 行政長官訪問福建
16-01-2014; 行政長官《施政報告》答問會答問全文（四）
16-01-2014; 行政長官《施政報告》答問會答問全文（三）
16-01-2014; 行政長官《施政報告》答問會答問全文（二）
16-01-2014; 行政長官《施政報告》答問會答問全文（一）
15-01-2014; 行政長官《施政報告》記者會答問全文（二）
15-01-2014; 行政長官《施政報告》記者會答問全文（一）
15-01-2014; 《施政報告》為培育下一代定出措施
15-01-2014; 行政長官就扶貧及支援有需要的人士勾劃藍圖
15-01-2014; 行政長官提出讓香港在經濟上得以發揮
15-01-2014; 《施政報告》就支援有需要的人士、培育下一代與發展經濟宣布一系列重大建議
14-01-2014; 《施政報告》聯合烽煙節目
14-01-2014; 行政長官會見傳媒談話全文
13-01-2014; 《施政報告》及有關刊物星期三公開派發
13-01-2014; 行政長官將向立法會發表施政報告
07-01-2014; 行政長官對邵逸夫爵士逝世深表惋惜
07-01-2014; 行政長官會見傳媒談話全文
19-12-2013; 行政長官北京會見傳媒總結述職行程
18-12-2013; 行政長官北京會見傳媒談話全文
17-12-2013; 行政長官北京會見傳媒談話全文
16-12-2013; 行政長官會見傳媒談話全文
14-12-2013; 行政長官祝賀嫦娥三號成功着陸月球
12-12-2013; 行政長官前往北京述職
10-12-2013; 行政會議批出山頂纜車過渡經營權
10-12-2013; 行政長官會見傳媒談話全文
09-12-2013; 行政長官會見傳媒談話全文
08-12-2013; 行政長官會見傳媒談話全文
07-12-2013; 行政長官會見傳媒談話全文
07-12-2013; 行政長官珠海會見傳媒談話全文
06-12-2013; 行政長官哀悼曼德拉逝世
05-12-2013; 行政長官與比利時皇后及副首相兼外長會面
05-12-2013; 行政長官會見傳媒談話全文
04-12-2013; 行政長官與比利時弗拉芒大區首席大臣會面
04-12-2013; 行政長官會見傳媒談話全文
03-12-2013; 委任新聞統籌專員
03-12-2013; 行政長官前赴廣州、中山及珠海
03-12-2013; 行政長官會見傳媒談話全文
02-12-2013; 比利時皇后及副首相兼外長訪港
29-11-2013; 行政長官廣西會見傳媒談話全文
27-11-2013; 行政長官在廣西會見傳媒談話全文
27-11-2013; 行政長官出訪廣西前會見傳媒談話全文
26-11-2013; 行政長官與瑞典國王會面
26-11-2013; 行政長官會見傳媒談話全文
25-11-2013; 行政長官與深圳市市長會面
24-11-2013; 行政長官會見傳媒談話全文
23-11-2013; 行政長官訪問廣西
23-11-2013; 行政長官與歐洲聯盟委員會主席會面
21-11-2013; 李飛及張榮順展開首天訪港行程
20-11-2013; 歐洲聯盟委員會主席訪港
19-11-2013; 行政長官談馬尼拉人質事件最新情況
19-11-2013; 馬尼拉人質事件聯合聲明
19-11-2013; 行政長官會見傳媒談話全文
18-11-2013; 行政長官歡迎金融發展局呈交研究報告
17-11-2013; 香港禮賓府十一月二十四日開放日
15-11-2013; 行政長官會見傳媒談話全文
12-11-2013; 行政長官會見傳媒談話全文
11-11-2013; 行政長官會見傳媒談話全文
10-11-2013; 行政長官向菲律賓風災受災人民表示慰問
05-11-2013; 政府進一步闡釋行會就免費電視牌照申請的決定
05-11-2013; 行政長官會見傳媒答問全文
05-11-2013; 行政長官會見傳媒開場發言
31-10-2013; 行政長官在經濟發展委員會第三次會議後會見傳媒談話全文
29-10-2013; 行政長官會見傳媒談話全文
26-10-2013; 行政長官主持二○一三年度勳銜頒授典禮
25-10-2013; 政治助理委出
25-10-2013; 行政長官會見傳媒談話全文
24-10-2013; 行政長官於香港國際機場會見傳媒談話全文
24-10-2013; 行政長官北京會見傳媒談話全文（二）
24-10-2013; 行政長官北京會見傳媒談話全文
23-10-2013; 行政長官北京會見傳媒談話全文（二）
23-10-2013; 行政長官北京會見傳媒談話全文
22-10-2013; 行政長官北京會見傳媒談話全文
22-10-2013; 行政長官出訪北京前會見傳媒談話全文
22-10-2013; 行政長官會見傳媒談話全文（二）
22-10-2013; 行政長官會見傳媒談話全文
21-10-2013; 行政長官與中國保監會主席會面
19-10-2013; 行政長官與澳洲外長會面
18-10-2013; 行政長官出訪北京
18-10-2013; 行政長官與倫敦市市長會面
18-10-2013; 行政長官到訪羅湖懲教所
17-10-2013; 行政長官答問會答問全文（四）
17-10-2013; 行政長官答問會答問全文（三）
17-10-2013; 行政長官答問會答問全文（二）
17-10-2013; 行政長官答問會答問全文（一）
17-10-2013; 《施政報告》及《財政預算案》公眾諮詢正式展開
15-10-2013; 行政長官會同行政會議原則上批准兩宗免費電視牌照申請
15-10-2013; 行政長官會見傳媒談話全文
11-10-2013; 行政長官與馬尼拉人質事件生還者和受害人家屬代表會面後會見傳媒談話全文（二）
11-10-2013; 行政長官與馬尼拉人質事件生還者和受害人家屬代表會面後會見傳媒談話全文
11-10-2013; 行政長官辦公室聲明（二）
11-10-2013; 行政長官辦公室聲明
08-10-2013; 行政長官在香港國際機場會見傳媒談話全文
08-10-2013; 行政長官峇里會見傳媒答問全文
07-10-2013; 行政長官在亞太經合組織會議倡議貿易投資自由化
06-10-2013; 行政長官談與國家主席會面
05-10-2013; 行政長官會見傳媒談話全文
30-09-2013; 行政長官赴印尼出席亞太區經濟合作組織會議
29-09-2013; 行政長官辦公室聲明
28-09-2013; 行政長官主持首屆扶貧委員會高峰會
27-09-2013; 特區政府歡迎國務院批准《中國（上海）自由貿易試驗區總體方案》
27-09-2013; 行政長官於香港國際機場會見傳媒談話全文
27-09-2013; 行政長官重慶會見傳媒談話全文
26-09-2013; 行政長官會見傳媒談話全文
25-09-2013; 行政長官哀悼羅仁思逝世
24-09-2013; 行政長官會見傳媒談話全文
22-09-2013; 行政長官視察政府部門及公共服務機構應對颱風措施
20-09-2013; 行政長官訪問重慶
17-09-2013; 行政長官會見傳媒談話全文
16-09-2013; 粵港合作聯席會議第十六次會議在香港舉行
16-09-2013; 行政長官於粵港合作聯席會議第十六次會議後會見傳媒談話全文
15-09-2013; 行政長官灣仔會見傳媒談話全文
12-09-2013; 行政長官談廉政公署公務酬酢、餽贈及外訪規管制度和程序獨立檢討委員會報告
12-09-2013; 行政長官第三度與公眾會面
12-09-2013; 政府公布廉政公署公務酬酢、餽贈及外訪規管制度和程序獨立檢討委員會報告
11-09-2013; 行政長官辦公室回應香港記者協會聲明
11-09-2013; 行政長官和運輸及房屋局局長會見傳媒談話全文
10-09-2013; 行政長官會見傳媒談話全文
09-09-2013; 香港特區參與第九屆泛珠三角區域合作與發展論壇
09-09-2013; 行政長官在貴州省貴陽市會見傳媒談話全文
08-09-2013; 行政長官會見傳媒談話全文
06-09-2013; 行政長官嘉許公務員的服務
05-09-2013; 行政長官赴貴陽出席泛珠三角論壇
04-09-2013; 行政長官會見傳媒談話全文
04-09-2013; 行政長官辦公室聲明
03-09-2013; 行政長官會見傳媒談話全文
02-09-2013; 廉政公署公務酬酢、餽贈及外訪規管制度和程序獨立檢討委員會提交報告
27-08-2013; 署理行政長官會見傳媒談話全文
20-08-2013; 署理行政長官會見傳媒談話全文
18-08-2013; 行政長官觀塘會見傳媒談話全文
16-08-2013; 行政長官辦公室回應公民黨新聞稿
16-08-2013; 行政長官休假
15-08-2013; 行政長官再與公眾會面
14-08-2013; 行政長官辦公室聲明
12-08-2013; 行政長官哀悼利國偉博士逝世
11-08-2013; 行政長官天水圍會見傳媒談話全文
09-08-2013; 蘇澤光獲再度委任為貿發局主席
08-08-2013; 行政長官會見傳媒談話全文
08-08-2013; 十二屆全運會香港特區代表團授旗儀式
08-08-2013; 行政長官與公眾會面
03-08-2013; 行政長官會見傳媒談話全文
01-08-2013; 行政長官接納林奮強辭去行政會議職務
30-07-2013; 行政長官會見傳媒談話全文
29-07-2013; 行政長官與澳洲外長會面
26-07-2013; 行政長官與世衞總幹事會面
25-07-2013; 行政長官、行政會議成員及政治委任官員更新利益申報
23-07-2013; 行政長官會見傳媒談話全文
17-07-2013; 行政長官會見傳媒談話全文
16-07-2013; 行政長官會見傳媒談話全文
14-07-2013; 行政長官會見傳媒談話全文
12-07-2013; 行政長官頒授卓越教學獎予教師
11-07-2013; 行政長官與深圳市市長會面
11-07-2013; 行政長官答問會答問全文（四）
11-07-2013; 行政長官答問會答問全文（三）
11-07-2013; 行政長官答問會答問全文（二）
11-07-2013; 行政長官答問會答問全文（一）
09-07-2013; 行政長官會見傳媒談話全文
06-07-2013; 行政長官會見傳媒談話全文
04-07-2013; 行政長官在經濟發展委員會第二次會議後會見傳媒談話全文
02-07-2013; 行政長官會見傳媒談話全文
01-07-2013; 行政長官會見傳媒談話全文
30-06-2013; 行政長官與羅馬尼亞總理會面
28-06-2013; 行政長官會見傳媒談話全文
28-06-2013; 政府委任紀律人員薪俸及服務條件常務委員會委員
28-06-2013; 政府委任離職公務員就業申請諮詢委員會主席和委員
28-06-2013; 政府公布香港科技園公司董事局成員任命
28-06-2013; 香港特別行政區成立十六周年慶祝活動
28-06-2013; 行政長官委任新一屆海濱事務委員會成員
27-06-2013; 行政長官會見傳媒談話全文
26-06-2013; 行政長官祝賀神舟十號成功完成任務
25-06-2013; 行政長官會見傳媒談話全文
24-06-2013; 行政長官與廣西壯族自治區黨委書記會面
24-06-2013; 行政長官談斯諾登離港
20-06-2013; 行政長官會見傳媒談話全文
19-06-2013; 行政長官與湖南省省長會面
18-06-2013; 行政長官會見傳媒談話全文
17-06-2013; 行政長官會見傳媒談話全文
15-06-2013; 行政長官發表聲明
14-06-2013; 行政長官與寧夏回族自治區政府主席會面
14-06-2013; 委任司法人員推薦委員會委員
13-06-2013; 行政長官於香港國際機場會見傳媒談話全文
12-06-2013; 行政長官結束訪問紐約行程
12-06-2013; 行政長官紐約會見傳媒的談話全文
11-06-2013; 行政長官祝賀神舟十號成功發射
11-06-2013; 署理行政長官會見傳媒談話全文
11-06-2013; 行政長官在紐約出席慶祝香港電影酒會
11-06-2013; 行政長官展開訪問紐約行程
09-06-2013; 行政長官會見傳媒談話全文
06-06-2013; 行政長官與江西省省長會面
05-06-2013; 行政長官上海會見傳媒談話全文
04-06-2013; 行政長官會見傳媒談話全文
03-06-2013; 行政長官出訪紐約
31-05-2013; 行政長官出訪上海
28-05-2013; 行政長官與山東省代省長會面
28-05-2013; 行政長官與內蒙古自治區主席會面
28-05-2013; 行政長官會見傳媒談話全文
24-05-2013; 行政長官接納張震遠辭去所有公職
24-05-2013; 行政長官會見傳媒談話全文
23-05-2013; 民航處新總部正式啟用
22-05-2013; 行政長官與黑龍江省代省長會面
22-05-2013; 行政長官哀悼羅弼時爵士逝世
22-05-2013; 行政長官會見傳媒談話全文
21-05-2013; 行政長官接納張震遠暫停履行公職
20-05-2013; 行政長官與貴州省委書記和貴州省省長會面
17-05-2013; 行政長官辦公室回應傳媒查詢
16-05-2013; 行政長官會見傳媒談話全文
16-05-2013; 行政長官與區議會正副主席會面
15-05-2013; 行政長官與國家衞生和計劃生育委員會副主任會面
14-05-2013; 行政長官與海關總署署長會面
14-05-2013; 行政長官會見傳媒談話全文
13-05-2013; 行政長官與廣州市委書記及廣州市市長會面
09-05-2013; 行政長官答問會答問全文（四）
09-05-2013; 行政長官答問會答問全文（三）
09-05-2013; 行政長官答問會答問全文（二）
09-05-2013; 行政長官答問會答問全文（一）
08-05-2013; 行政長官與雲南省省長會面
07-05-2013; 行政長官會見傳媒談話全文
02-05-2013; 行政長官談成立廉政公署公務酬酢、餽贈及外訪規管制度和程序獨立檢討委員會
02-05-2013; 政府成立廉政公署公務酬酢、餽贈及外訪規管制度和程序獨立檢討委員會
30-04-2013; 行政長官談南丫島附近撞船事故調查報告
30-04-2013; 行政長官會見傳媒談話全文
26-04-2013; 行政長官和商務及經濟發展局局長北京會見傳媒談話全文
23-04-2013; 行政長官出訪北京
23-04-2013; 行政長官會見傳媒談話全文
22-04-2013; 特區政府為四川雅安地震提供救災及財政支援
20-04-2013; 行政長官向四川地震受災同胞表示慰問
19-04-2013; 行政長官收到撞船事故調查委員會報告
19-04-2013; 撞船事故調查委員會向行政長官呈交報告
17-04-2013; 行政長官對波士頓爆炸事件表示同情
16-04-2013; 行政長官會見傳媒談話全文
12-04-2013; 政治助理委出
10-04-2013; 行政長官談傳染病防控工作
09-04-2013; 行政長官哀悼戴卓爾夫人逝世
09-04-2013; 行政長官會見傳媒談話全文
08-04-2013; 行政長官談貨櫃碼頭勞資糾紛
07-04-2013; 資深司法人員任命—終審法院其他普通法適用地區非常任法官
07-04-2013; 資深司法人員任命—終審法院非常任香港法官
07-04-2013; 資深司法人員任命—終審法院常任法官
06-04-2013; 署理行政長官會見傳媒談話全文
06-04-2013; 行政長官機場會見傳媒談話全文
03-04-2013; 墨西哥總統訪港
03-04-2013; 行政長官參加博鰲亞洲論壇年會
30-03-2013; 行政長官發表《香港家書》
26-03-2013; 行政長官會見傳媒談話全文
20-03-2013; 行政長官會見傳媒總結訪京之行
20-03-2013; 行政長官前赴深圳
19-03-2013; 行政長官談天津之行
19-03-2013; 行政長官在天津與傳媒談話全文
19-03-2013; 署理行政長官談花園街大火死因研訊
18-03-2013; 行政長官北京見會見傳媒談話全文
15-03-2013; 政治助理委出
14-03-2013; 行政長官出訪北京及天津
13-03-2013; 經濟發展委員會記者會答問全文
12-03-2013; 行政長官會見傳媒談話全文
10-03-2013; 行政長官與傳媒談話內容
08-03-2013; 行政長官哀悼李福善逝世
06-03-2013; 行政長官北京會見傳媒談話全文
03-03-2013; 香港禮賓府三月十日開放日
01-03-2013; 行政長官列席人大會議開幕式
28-02-2013; 行政長官談取消勾地機制
28-02-2013; 行政長官就取消勾地機制發表聲明
27-02-2013; 行政長官談《財政預算案》
27-02-2013; 行政長官就二零一三／一四年度《財政預算案》發表聲明
26-02-2013; 行政長官談埃及樂蜀熱氣球意外
22-02-2013; 行政長官就政府公布新一輪需求管理措施發表聲明
21-02-2013; 行政長官談雍澄軒事件
19-02-2013; 行政長官會見傳媒發言全文
10-02-2013; 署理行政長官會見傳媒答問全文
09-02-2013; 行政長官發表農曆新年賀辭
08-02-2013; 行政長官和夫人向市民拜年
07-02-2013; 行政長官回應練乙錚文章及《信報》啟事
06-02-2013; 行政長官休假
05-02-2013; 行政長官哀悼毛鈞年逝世
05-02-2013; 行政長官前赴廣州及深圳
05-02-2013; 行政長官會見傳媒發言全文
02-02-2013; 行政長官會見傳媒談話全文
30-01-2013; 行政長官辦公室回應傳媒查詢
29-01-2013; 行政長官會見傳媒發言全文
28-01-2013; 行政長官會見傳媒發言全文
22-01-2013; 行政長官會見傳媒談話全文
20-01-2013; 行政長官祝賀李慧詩連奪兩項世界盃場地單車賽冠軍
19-01-2013; 行政長官發表《香港家書》
17-01-2013; 行政長官《施政報告》答問會答問全文（四）
17-01-2013; 行政長官《施政報告》答問會答問全文（三）
17-01-2013; 行政長官《施政報告》答問會答問全文（二）
17-01-2013; 行政長官《施政報告》答問會答問全文（一）
17-01-2013; 成立中醫中藥發展委員會
17-01-2013; 政府公布金融發展局成員的任命
17-01-2013; 行政長官委任經濟發展委員會成員
16-01-2013; 行政長官《施政報告》記者會答問全文（二）
16-01-2013; 行政長官《施政報告》記者會答問全文（一）
16-01-2013; 行政長官為淨化香港宣布連串果斷措施
16-01-2013; 行政長官強調關愛社會並協助弱勢社群
16-01-2013; 行政長官在《施政報告》中闡釋房屋土地政策
16-01-2013; 行政長官首份《施政報告》致力處理最逼切問題
15-01-2013; 《施政報告》聯合烽煙節目
14-01-2013; 《施政報告》及有關刊物星期三公開派發
14-01-2013; 《施政報告》星期三電視電台網上直播
14-01-2013; 行政長官向立法會發表施政報告
24-12-2012; 行政長官休假
21-12-2012; 行政長官北京會見傳媒談話全文
20-12-2012; 行政長官北京會見傳媒談話全文
20-12-2012; 副局長及政治助理委出
19-12-2012; 行政長官就中聯辦主任任命發表聲明
18-12-2012; 行政長官於行政會議結束後會見傳媒談話全文
18-12-2012; 行政長官會見傳媒談話全文
17-12-2012; 行政長官前往北京述職
15-12-2012; 行政長官會見傳媒談話全文
12-12-2012; 行政長官會同行政會議接納法定最低工資水平的建議
12-12-2012; 行政長官會見傳媒談話全文
10-12-2012; 行政長官答問會答問全文（六）
10-12-2012; 行政長官答問會答問全文（五）
10-12-2012; 行政長官答問會答問全文（四）
10-12-2012; 行政長官答問會答問全文（三）
10-12-2012; 行政長官答問會答問全文（二）
10-12-2012; 行政長官答問會答問全文（一）
10-12-2012; 扶貧委員會召開首次會議
08-12-2012; 行政長官主持二○一二年度勳銜頒授典禮
07-12-2012; 行政長官歡迎長者生活津貼相關撥款申請獲通過
06-12-2012; 行政長官答問會
06-12-2012; 行政長官前赴廣州
05-12-2012; 行政長官將出席立法會答問會
04-12-2012; 行政長官會見傳媒發言全文
04-12-2012; 行政長官會見傳媒談話全文
01-12-2012; 行政長官在海南會見傳媒談話全文
30-11-2012; 行政長官與泛珠多個省區領導商討雙邊合作
30-11-2012; 政治助理委出
27-11-2012; 行政長官出席學位頒授典禮後會見傳媒談話全文
27-11-2012; 行政長官赴海南出席泛珠三角論壇
27-11-2012; 行政長官會見傳媒答問全文
26-11-2012; 行政長官會見傳媒談話全文
26-11-2012; 行政長官進一步回應山頂物業的事件
24-11-2012; 行政長官會見傳媒談話全文
23-11-2012; 行政長官發表有關山頂物業聲明
20-11-2012; 行政長官會見傳媒答問全文
19-11-2012; 行政長官發表聲明
16-11-2012; 行政長官會見傳媒談話全文
13-11-2012; 行政長官會見傳媒談話全文
09-11-2012; 立法會議員與行政長官、行政會議成員及政府高級官員午膳
09-11-2012; 行政長官委任扶貧委員會成員
08-11-2012; 行政長官恭賀奧巴馬當選總統
07-11-2012; 行政長官主持「亞洲國際商業地產投資交易會２０１２」開幕典禮
06-11-2012; 行政長官會見傳媒談話全文
05-11-2012; 行政長官與北京市代市長會面
03-11-2012; 行政長官會見傳媒談話全文
03-11-2012; 行政長官接納林奮強休假申請
01-11-2012; 行政長官答問會答問全文（五）
01-11-2012; 行政長官答問會答問全文（四）
01-11-2012; 行政長官答問會答問全文（三）
01-11-2012; 行政長官答問會答問全文（二）
01-11-2012; 行政長官答問會答問全文（一）
31-10-2012; 副局長及政治助理委出
30-10-2012; 行政長官會見傳媒談話全文
29-10-2012; 行政長官今日遷入禮賓府
17-10-2012; 《施政報告》及財政預算案公眾諮詢正式展開
17-10-2012; 行政長官委任兩名行政會議新成員
16-10-2012; 行政長官會見傳媒談話全文
15-10-2012; 行政長官將於立法會會議上發言
09-10-2012; 行政長官會見傳媒談話全文
04-10-2012; 全港哀悼日悼念南丫島撞船事故遇難者
02-10-2012; 南丫島撞船事故記者會答問全文
02-10-2012; 行政長官今早就南丫島撞船事故召開跨部門會議
02-10-2012; 行政長官會見傳媒談話全文
01-10-2012; 行政長官就南丫島撞船意外會見傳媒談話全文
01-10-2012; 行政長官會見傳媒談話全文
28-09-2012; 行政長官委任交諮會新主席
25-09-2012; 行政長官會見傳媒談話全文
21-09-2012; 行政長官會見傳媒談話全文
18-09-2012; 行政長官會見傳媒談話全文
14-09-2012; 粵港合作聯席會議第十五次會議在廣州舉行
14-09-2012; 行政長官出席粵港合作聯席會議後會見傳媒談話全文
14-09-2012; 行政長官辦公室聲明
12-09-2012; 行政長官出席粵港合作聯席會議
12-09-2012; 三名副局長及兩名政治助理委出
11-09-2012; 行政長官機場會見傳媒談話全文
11-09-2012; 行政長官歡迎殘疾人奧運會中國香港代表團凱旋返港
11-09-2012; 行政長官會見傳媒談話全文
10-09-2012; 行政長官向立法會選舉當選議員致賀
10-09-2012; 行政長官談話全文
09-09-2012; 行政長官會見傳媒談話全文
09-09-2012; 行政長官祝賀殘奧會香港輪椅劍擊隊再奪銅牌
08-09-2012; 行政長官記者會答問全文
08-09-2012; 行政長官祝賀殘奧會香港女子輪椅劍擊隊奪銅牌
07-09-2012; 行政長官邀請學生、家長及教師團體代表會面
07-09-2012; 行政長官會見傳媒答問全文
07-09-2012; 行政長官祝賀殘奧會香港運動員再傳捷報
06-09-2012; 行政長官會見傳媒答問全文（二）
06-09-2012; 行政長官會見傳媒答問全文（一）
06-09-2012; 行政長官向殘奧會香港輪椅劍擊代表隊致賀
05-09-2012; 行政長官取消到俄羅斯出席亞太區經濟合作組織會議
05-09-2012; 行政長官祝賀香港代表隊在倫敦殘奧會再添金牌
04-09-2012; 行政長官會見傳媒談話全文
02-09-2012; 行政長官祝賀香港代表隊再奪倫敦殘奧會兩面獎牌
02-09-2012; 行政長官談話全文
01-09-2012; 行政長官恭賀香港代表隊在倫敦殘奧會奪首面獎牌
31-08-2012; 行政長官談「一簽多行」和異地簽證
31-08-2012; 行政長官赴俄羅斯出席亞太區經濟合作組織會議
31-08-2012; 行政長官會見傳媒談話全文
30-08-2012; 行政長官公布房屋及土地供應政策記者會答問全文
28-08-2012; 行政長官會見傳媒談話全文
25-08-2012; 「奧運金牌精英大匯演」　展現非凡體育風采
24-08-2012; 行政長官會見傳媒談話全文
23-08-2012; 委任新聞統籌專員
21-08-2012; 行政長官會見傳媒談話全文（二）
21-08-2012; 行政長官會見傳媒談話全文
15-08-2012; 行政長官就「保釣事件」召見日本駐香港總領事
15-08-2012; 行政長官表揚香港運動員在倫敦奧運會表現出色
15-08-2012; 行政長官會見傳媒談話全文
14-08-2012; 行政長官談中醫藥發展委員會籌備小組
13-08-2012; 行政長官辦公室回應傳媒查詢
11-08-2012; 行政長官辦公室回應傳媒查詢
10-08-2012; 行政長官會見傳媒談話全文
10-08-2012; 特區政府設晚宴歡迎神舟九號載人航天代表團
09-08-2012; 行政長官對施偉賢爵士逝世表示哀悼
09-08-2012; 行政長官於香港國際機場會見傳媒談話全文
04-08-2012; 行政長官休假
04-08-2012; 行政長官與傳媒談話內容
04-08-2012; 行政長官祝賀李慧詩在倫敦奧運為香港奪首面銅牌
03-08-2012; 行政長官會見傳媒談話全文
01-08-2012; 行政長官到訪消防處總部
31-07-2012; 行政長官會見傳媒談話全文
30-07-2012; 行政長官會見傳媒談話全文
18-07-2012; 行政長官到訪葵涌海關大樓
16-07-2012; 行政長官答問會答問全文（五）
16-07-2012; 行政長官答問會答問全文（四）
16-07-2012; 行政長官答問會答問全文（三）
16-07-2012; 行政長官答問會答問全文（二）
16-07-2012; 行政長官答問會答問全文（一）
15-07-2012; 行政長官和食物及衞生局局長深水埗會見傳媒談話全文
13-07-2012; 政府公布中央政策組首席顧問任命
12-07-2012; 行政長官與問責團隊第三度到地區聽取民意
12-07-2012; 行政長官海洋公園會見傳媒談話全文
11-07-2012; 行政長官歡迎林煥光留任行會
08-07-2012; 行政長官黃大仙會見傳媒談話全文
05-07-2012; 行政長官與問責團隊再到地區聽取民意
05-07-2012; 行政長官與批發零售業界會面
03-07-2012; 行政長官向立法會介紹施政理念
03-07-2012; 行政長官與行政會議非官守議員召集人會見傳媒談話全文
02-07-2012; 行政長官筲箕灣會見傳媒談話全文
02-07-2012; 行政長官談話全文
01-07-2012; 國家主席出席「慶祝香港回歸祖國十五周年大會暨香港特別行政區第四屆政府就職典禮」
01-07-2012; 香港特別行政區第四屆政府就職典禮
30-06-2012; 兩名副局長委出
29-06-2012; 經濟發展委員會籌備小組成立
29-06-2012; 候任行政長官與問責團隊到地區聽取民意
29-06-2012; 候任行政長官祝賀「神舟九號」成功完成任務
29-06-2012; 特區新一屆行政會議成員名單公布
28-06-2012; 候任審計署署長聲明
28-06-2012; 候任行政長官宣布香港特別行政區第四屆政府主要官員任命聲明
27-06-2012; 金融發展局籌備小組成立
27-06-2012; 候任行政長官會見傳媒談話全文
25-06-2012; 候任行政長官會見傳媒談話全文
25-06-2012; 候任行政長官明赴京
24-06-2012; 候任行政長官歡迎和感謝國家主席訪港
23-06-2012; 候任行政長官會見傳媒談話全文
22-06-2012; 候任行政長官會見傳媒談話全文（四）
22-06-2012; 候任行政長官會見傳媒談話全文（三）
22-06-2012; 候任行政長官會見傳媒談話全文（二）
22-06-2012; 候任行政長官會見傳媒談話全文
21-06-2012; 候任行政長官會見傳媒談話全文（二）
21-06-2012; 候任行政長官會見傳媒談話全文
19-06-2012; 副局長職位申請期限開放至周四
19-06-2012; 扶貧委員會籌備小組成立
19-06-2012; 候任行政長官會見傳媒談話全文
19-06-2012; 「港人港地」政策不變
18-06-2012; 候任行政長官傍晚會見傳媒談話全文
18-06-2012; 候任行政長官會見傳媒談話全文
17-06-2012; 候任行政長官會見傳媒談話全文
17-06-2012; 副局長遴選工作進度
16-06-2012; 候任行政長官熱烈祝賀神舟九號成功發射
16-06-2012; 候任行政長官會見傳媒談話全文
15-06-2012; 候任行政長官會見傳媒談話全文（二）
15-06-2012; 候任行政長官會見傳媒談話全文
14-06-2012; 候任行政長官會見傳媒談話全文
12-06-2012; 候任行政長官會見傳媒談話全文
11-06-2012; 三十九名副局長人選進入會面階段
11-06-2012; 候任行政長官會見傳媒談話全文
10-06-2012; 候任行政長官會見傳媒談話全文
09-06-2012; 候任行政長官會見傳媒談話全文
05-06-2012; 候任行政長官申請更正錯誤
05-06-2012; 新一任政治委任官員凍薪
04-06-2012; 副局長和政治助理職位收逾千份申請
02-06-2012; 候任行政長官會見傳媒談話全文
31-05-2012; 候任行政長官會見傳媒談話全文
31-05-2012; 候任行政長官回應防止及處理潛在利益衝突獨立檢討委員會報告
30-05-2012; 候任行政長官會見傳媒談話內容
29-05-2012; 候任行政長官會見傳媒答問全文
28-05-2012; 候任行政長官會見傳媒談話全文
25-05-2012; 候任行政長官會見傳媒談話全文
22-05-2012; 候任行政長官辦公室澄清報章報道
21-05-2012; 候任行政長官辦公室澄清信報報道
21-05-2012; 候任行政長官辦公室澄清報章報道
21-05-2012; 候任行政長官會見傳媒談話全文
19-05-2012; 候任行政長官會見傳媒談話全文
18-05-2012; 候任行政長官會見傳媒談話全文
17-05-2012; 候任行政長官與傳媒談話全文
17-05-2012; 候任行政長官呼籲有志之士加入問責團隊
16-05-2012; 候任行政長官會見傳媒談話全文
15-05-2012; 候任行政長官會見傳媒談話全文
13-05-2012; 候任行政長官會見傳媒談話全文
12-05-2012; 候任行政長官會見傳媒談話全文
11-05-2012; 候任行政長官與傳媒談話全文
10-05-2012; 候任行政長官會見傳媒談話全文
09-05-2012; 候任行政長官與傳媒談話全文
06-05-2012; 候任行政長官會見傳媒談話全文
06-05-2012; 候任行政長官回應
05-05-2012; 候任行政長官會見傳媒談話全文
04-05-2012; 候任行政長官歡迎行政長官會同行政會議通過重組建議
04-05-2012; 候任行政長官下午會見傳媒談話全文
04-05-2012; 候任行政長官與傳媒談話全文
02-05-2012; 候任行政長官辦公室澄清信報報道
01-05-2012; 候任行政長官與傳媒談話全文
30-04-2012; 候任行政長官辦公室澄清信報報道
30-04-2012; 候任行政長官與傳媒談話全文
30-04-2012; 候任行政長官澄清今日有關「單非」報道和回答與唐英年先生會面的傳媒提問
25-04-2012; 候任行政長官網站啟動
25-04-2012; 候任行政長官回應動議辯論
25-04-2012; 候任行政長官會見傳媒談話全文
23-04-2012; 候任行政長官辦公室回應傳媒查詢
22-04-2012; 候任行政長官會見傳媒談話全文
20-04-2012; 候任行政長官辦公室主管任命
20-04-2012; 候任行政長官辦公室澄清《金融時報》報道
16-04-2012; 候任行政長官與傳媒談話全文
15-04-2012; 候任行政長官會見傳媒談話全文
14-04-2012; 候任行政長官會見傳媒談話全文
13-04-2012; 候任行政長官與傳媒談話全文
12-04-2012; 候任行政長官北京會見傳媒談話全文
11-04-2012; 候任行政長官總結北京之行
10-04-2012; 候任行政長官北京會見傳媒談話全文
09-04-2012; 候任行政長官會見傳媒談話全文
07-04-2012; 候任行政長官赴京接受任令
05-04-2012; 候任行政長官會見傳媒談話全文
02-04-2012; 候任行政長官傍晚會見傳媒談話全文
02-04-2012; 候任行政長官中午會見傳媒談話全文
02-04-2012; 候任行政長官上午會見傳媒談話全文
01-04-2012; 候任行政長官回應遊行
30-03-2012; 候任行政長官會見傳媒談話全文
28-03-2012; 候任行政長官感謝中央政府任命
28-03-2012; 候任行政長官會見傳媒談話全文
27-03-2012; 候任行政長官與公務員團體會面後與傳媒談話全文
27-03-2012; 候任行政長官會見傳媒談話全文
27-03-2012; 候任行政長官出席電台節目後會見傳媒談話全文
26-03-2012; 候任行政長官拜會終審法院首席法官後會見傳媒談話全文
26-03-2012; 候任行政長官展開連串拜訪活動
26-03-2012; 候任行政長官會見傳媒發言全文
23-03-2012; 建立民主的選舉文化
22-03-2012; 繼續學習，衷誠合作
21-03-2012; 團結各界
14-03-2012; 不追究港大學生會事件
11-03-2012; 回應鄉議局飯局
10-03-2012; 回應立法會成立專責委員會研究西九事件
09-03-2012; 回應鄉議局飯局
02-03-2012; 梁振英競選辦致立法會主席的信
29-02-2012; 回應西九龍填海區規劃概念設計比賽中各評委投票的文件
28-02-2012; 堅持乾淨的選舉
26-02-2012; 《從心出發．重新認識．梁振英》新書發布
23-02-2012; 梁振英遞交293名選委提名
29-01-2012; 梁振英「齊心一圓 ‧ 撐香港」籌款巴士啟程
21-01-2012; 梁振英灣仔諮詢政綱
19-01-2012; 競選進展報告
15-01-2012; 梁振英走遍九龍東西區政綱公眾諮詢會
08-01-2012; 梁振英到屯門出席政綱公眾諮詢會
14-12-2011; 梁振英第四度落區走入銅鑼灣鬧市接觸市民
12-12-2011; 梁振英走入觀塘區 派發參選宣言文本
