Date;Title;URL;Is_Hidden
05-03-2025;李强在政府工作报告中谈港澳台工作;http://www.locpg.gov.cn/20250305/04577f586d7f4c2589c6df57f5add67d/c.html;0
07-03-2025;李强赵乐际王沪宁蔡奇丁薛祥李希分别参加全国两会一些团组审议和讨论;http://www.locpg.gov.cn/20250307/78ad955e439d451387e80ea8e2e58712/c.html;0
07-03-2025;王沪宁丁薛祥分别参加全国人大会议一些代表团审议;http://www.locpg.gov.cn/20250307/5fa7d006f0eb42c991d2c64edbd4b41e/c.html;0
07-03-2025;全国政协领导同志分别参加全国政协十四届三次会议分组讨论;http://www.locpg.gov.cn/20250307/22edf0044eab4b9b9f7f99414841e2ee/c.html;0
05-03-2025;夏宝龙会见李家超;http://www.locpg.gov.cn/20250305/f4c852fc367343a6bcc68a22649ba3a0/c.html;0
04-03-2025;夏宝龙看望港澳地区全国人大代表全国政协委员;http://www.locpg.gov.cn/20250304/acbb5c5ad0b144758a06b2ff14433b0b/c.html;0
19-12-2024;习近平会见李家超;http://www.locpg.gov.cn/20241219/03c1518d2b7d44b8acb11ff7f7a8d30d/c.html;0
08-03-2024;王沪宁丁薛祥分别参加全国人大会议一些代表团审议;http://www.locpg.gov.cn/jsdt/2024-03/08/c_1212339569.htm;0
07-03-2024;全国政协领导同志分别参加全国政协十四届二次会议分组讨论;http://www.locpg.gov.cn/jsdt/2024-03/07/c_1212339313.htm;0
04-03-2024;夏宝龙看望港澳地区全国人大代表;http://www.locpg.gov.cn/jsdt/2024-03/04/c_1212338644.htm;0
04-03-2024;夏宝龙看望港澳地区全国政协委员;http://www.locpg.gov.cn/jsdt/2024-03/04/c_1212338452.htm;0
20-09-2024;夏宝龙会见李家超;http://www.locpg.gov.cn/jsdt/2024-09/20/c_1212398928.htm;0
23-07-2024;夏宝龙会见香港特区政府财政司司长陈茂波一行;http://www.locpg.gov.cn/jsdt/2024-07/23/c_1212382780.htm;0
12-07-2024;夏宝龙会见香港特区政府律政司司长林定国一行;http://www.locpg.gov.cn/jsdt/2024-07/12/c_1212379877.htm;0
12-07-2024;夏宝龙会见香港特区政府环境及生态局局长谢展寰一行;http://www.locpg.gov.cn/jsdt/2024-07/12/c_1212379876.htm;0
13-06-2024;夏宝龙会见香港特区政府律政司副司长张国钧一行;http://www.locpg.gov.cn/jsdt/2024-06/13/c_1212371759.htm;0
13-03-2023;习近平说，我们要扎实推进“一国两制”实践和祖国统一大业;http://www.locpg.gov.cn/jsdt/2023-03/13/c_1211737440.htm;0
13-03-2023;李强：香港、澳门的明天一定会更加美好;http://www.locpg.gov.cn/jsdt/2023-03/13/c_1211737458.htm;0
07-03-2023;赵乐际分别参加香港代表团澳门代表团审议;http://www.locpg.gov.cn/jsdt/2023-03/07/c_1211736134.htm;0
08-03-2023;王沪宁参加港澳地区全国政协委员联组讨论;http://www.locpg.gov.cn/jsdt/2023-03/08/c_1211736441.htm;0
07-03-2023;沈跃跃、梁振英、苏辉分别参加全国政协十四届一次会议分组讨论;http://www.locpg.gov.cn/jsdt/2023-03/07/c_1211735892.htm;0
06-03-2023;夏宝龙会见李家超;http://www.locpg.gov.cn/jsdt/2023-03/06/c_1211735634.htm;0
05-03-2023;李克强在政府工作报告中谈今年民族、宗教、侨务、国防、港澳台、外交工作;http://www.locpg.gov.cn/jsdt/2023-03/05/c_1211735440.htm;0
05-03-2023;李克强在政府工作报告中介绍民族、宗教、侨务、国防、港澳台、外交工作五年成就;http://www.locpg.gov.cn/jsdt/2023-03/05/c_1211735439.htm;0
14-02-2023;夏宝龙会见香港社会人士并听取香港特区政府有关施政情况汇报;http://www.locpg.gov.cn/jsdt/2023-02/14/c_1211728539.htm;0
03-02-2023;港澳系统深入学习贯彻党的二十大精神专题会议召开 夏宝龙出席并讲话;http://www.locpg.gov.cn/jsdt/2023-02/03/c_1211724947.htm;0
23-12-2022;习近平会见来京述职的李家超;http://www.locpg.gov.cn/jsdt/2022-12/23/c_1211711920.htm;0
26-12-2022;李克强会见来京述职的李家超 韩正出席;http://www.locpg.gov.cn/jsdt/2022-12/26/c_1211712294.htm;0
21-11-2022;夏宝龙：“一国两制”这一好制度必须长期坚持;http://www.locpg.gov.cn/jsdt/2022-11/21/c_1211702806.htm;0
16-10-2022;习近平强调，坚持和完善“一国两制”，推进祖国统一;http://www.locpg.gov.cn/jsdt/2022-10/16/c_1211693108.htm;0
28-09-2022;全国政协办公厅、中共中央统战部、国务院侨办、国务院港澳办、国务院台办、中国侨联联合举行国庆招待会 汪洋致辞;http://www.locpg.gov.cn/jsdt/2022-09/28/c_1211688744.htm;0
31-08-2022;韩正在香港第七届“一带一路”高峰论坛上发表视频致辞;http://www.locpg.gov.cn/jsdt/2022-08/31/c_1211681140.htm;0
19-07-2022;“学习贯彻习近平主席在庆祝香港回归祖国25周年大会暨香港特别行政区第六届政府就职典礼上重要讲话精神”专题研讨会举行 夏宝龙出席并致辞;http://www.locpg.gov.cn/jsdt/2022-07/19/c_1211668332.htm;0
02-07-2022;习近平会见香港特别行政区新任行政、立法、司法机关负责人;http://www.locpg.gov.cn/jsdt/2022-07/02/c_1211663453.htm;0
02-07-2022;习近平在庆祝香港回归祖国25周年大会暨香港特别行政区第六届政府就职典礼上的讲话（全文）;http://www.locpg.gov.cn/jsdt/2022-07/02/c_1211663409.htm;0
01-07-2022;习近平视察驻香港部队;http://www.locpg.gov.cn/jsdt/2022-07/01/c_1211663382.htm;0
01-07-2022;习近平会见李家超;http://www.locpg.gov.cn/jsdt/2022-07/01/c_1211663202.htm;0
01-07-2022;庆祝香港回归祖国25周年大会暨香港特别行政区第六届政府就职典礼隆重举行 习近平出席并发表重要讲话;http://www.locpg.gov.cn/jsdt/2022-07/01/c_1211663187.htm;0
01-07-2022;圆满结束在香港的各项活动 习近平离开香港;http://www.locpg.gov.cn/jsdt/2022-07/01/c_1211663183.htm;0
01-07-2022;习近平会见中央驻港机构和主要中资机构负责人;http://www.locpg.gov.cn/jsdt/2022-07/01/c_1211662985.htm;0
01-07-2022;习近平会见香港纪律部队代表;http://www.locpg.gov.cn/jsdt/2022-07/01/c_1211662983.htm;0
01-07-2022;习近平会见香港各界代表人士;http://www.locpg.gov.cn/jsdt/2022-07/01/c_1211662981.htm;0
01-07-2022;习近平会见香港特别行政区行政、立法、司法机关负责人;http://www.locpg.gov.cn/jsdt/2022-07/01/c_1211662973.htm;0
01-07-2022;习近平考察香港科学园;http://www.locpg.gov.cn/jsdt/2022-07/01/c_1211662967.htm;0
30-06-2022;习近平会见贺一诚;http://www.locpg.gov.cn/jsdt/2022-06/30/c_1211662635.htm;0
30-06-2022;习近平会见全国政协副主席梁振英 委托相关方面转达对全国政协副主席董建华的问候;http://www.locpg.gov.cn/jsdt/2022-06/30/c_1211662628.htm;0
30-06-2022;习近平会见林郑月娥;http://www.locpg.gov.cn/jsdt/2022-06/30/c_1211662625.htm;0
30-06-2022;习近平抵达香港 出席庆祝香港回归祖国25周年大会暨香港特区第六届政府就职典礼并对香港进行视察;http://www.locpg.gov.cn/jsdt/2022-06/30/c_1211662615.htm;0
22-06-2022;“‘一国两制’是科学、可行、有生命力的”——访全国政协副主席梁振英;http://www.locpg.gov.cn/jsdt/2022-06/22/c_1211659456.htm;0
30-05-2022;习近平会见李家超;http://www.locpg.gov.cn/jsdt/2022-05/30/c_1211652085.htm;0
30-05-2022;李克强会见李家超 颁发任命李家超为香港特别行政区第六任行政长官的国务院令 韩正出席;http://www.locpg.gov.cn/jsdt/2022-05/30/c_1211652079.htm;0
20-05-2022;李克强主持召开国务院第七次全体会议 决定任命李家超为香港特别行政区第六任行政长官 韩正等出席;http://www.locpg.gov.cn/jsdt/2022-05/20/c_1211649352.htm;0
14-05-2022;全国政协召开双周协商座谈会 围绕“进一步提升爱国爱港爱澳力量能力建设”协商议政 汪洋主持;http://www.locpg.gov.cn/jsdt/2022-05/14/c_1211646966.htm;0
09-03-2022;全国政协领导同志分别参加全国政协十三届五次会议讨论;http://www.locpg.gov.cn/jsdt/2022-03/09/c_1211602195.htm;0
07-03-2022;韩正分别参加香港代表团澳门代表团审议;http://www.locpg.gov.cn/jsdt/2022-03/07/c_1211599422.htm;0
06-03-2022;韩正看望港澳地区全国政协委员并参加讨论;http://www.locpg.gov.cn/jsdt/2022-03/06/c_1211598197.htm;0
05-03-2022;李克强在政府工作报告中谈港澳台工作;http://www.locpg.gov.cn/jsdt/2022-03/05/c_1211596990.htm;0
22-12-2021;李克强会见来京述职的林郑月娥 韩正出席;http://www.locpg.gov.cn/jsdt/2021-12/22/c_1211496975.htm;0
22-12-2021;习近平会见来京述职的林郑月娥;http://www.locpg.gov.cn/jsdt/2021-12/22/c_1211496928.htm;0
06-12-2021;夏宝龙：以史为鉴谱写香港民主新篇章;http://www.locpg.gov.cn/jsdt/2021-12/06/c_1211475935.htm;0
29-09-2021;全国政协办公厅 中共中央统战部 国务院侨办 国务院港澳办 国务院台办 中国侨联联合举行国庆招待会 汪洋致辞;http://www.locpg.gov.cn/jsdt/2021-09/29/c_1211387556.htm;0
18-09-2021;韩正会见林郑月娥;http://www.locpg.gov.cn/jsdt/2021-09/18/c_1211375205.htm;0
02-08-2021;夏宝龙：全面深入实施香港国安法 推进“一国两制”实践行稳致远;http://www.locpg.gov.cn/jsdt/2021-08/02/c_1211271997.htm;0
26-07-2021;沈跃跃会见妇联系统港澳执委、特邀代表考察团;http://www.locpg.gov.cn/jsdt/2021-07/26/c_1211260233.htm;0
22-07-2021;全国暨地方政协港澳台侨工作座谈会在海口召开;http://www.locpg.gov.cn/jsdt/2021-07/22/c_1211252386.htm;0
01-06-2021;梁振英：香港可扮演独特角色向国际介绍真实的中国;http://www.locpg.gov.cn/jsdt/2021-06/01/c_1211181371.htm;0
25-04-2021;韩正在广东调研：坚定不移深化改革开放 坚定不移推动高质量发展;http://www.locpg.gov.cn/jsdt/2021-04/25/c_1211127946.htm;0
23-04-2021;汪洋主持政协双周协商座谈会 围绕“加强港澳青少年爱国主义教育”协商议政;http://www.locpg.gov.cn/jsdt/2021-04/23/c_1211125318.htm;0
23-04-2021;韩正会见林郑月娥、贺一诚;http://www.locpg.gov.cn/jsdt/2021-04/23/c_1211124946.htm;0
23-04-2021;韩正在广州主持召开粤港澳大湾区建设领导小组会议;http://www.locpg.gov.cn/jsdt/2021-04/23/c_1211124936.htm;0
02-04-2021;董建华：协力开拓香港由乱到治、由治到兴的黄金时代;http://www.locpg.gov.cn/jsdt/2021-04/02/c_1211095526.htm;0
30-03-2021;栗战书：全面落实“爱国者治港”根本原则 确保香港长治久安和长期繁荣稳定;http://www.locpg.gov.cn/jsdt/2021-03/30/c_1211090204.htm;0
30-03-2021;国家主席习近平签署第七十五号、第七十六号主席令;http://www.locpg.gov.cn/jsdt/2021-03/30/c_1211090152.htm;0
29-03-2021;全国人大常委会举行会议 审议香港基本法附件一、二修订草案等 栗战书主持;http://www.locpg.gov.cn/jsdt/2021-03/29/c_1211088765.htm;0
15-03-2021;梁振英：不要低估中央和全国人民全面解决香港问题的决心;http://www.locpg.gov.cn/jsdt/2021-03/15/c_1211067522.htm;0
15-03-2021;董建华：香港人必须有全局视野和国家观念;http://www.locpg.gov.cn/jsdt/2021-03/15/c_1211066562.htm;0
11-03-2021;李克强：坚持“爱国者治港”，确保“一国两制”行稳致远;http://www.locpg.gov.cn/jsdt/2021-03/11/c_1211062179.htm;0
08-03-2021;栗战书：全国人大将为维护香港特区宪制秩序提供法律保障;http://www.locpg.gov.cn/jsdt/2021-03/08/c_1211056982.htm;0
07-03-2021;韩正分别参加全国人大香港代表团、澳门代表团审议;http://www.locpg.gov.cn/jsdt/2021-03/07/c_1211055356.htm;0
07-03-2021;韩正会见林郑月娥、贺一诚;http://www.locpg.gov.cn/jsdt/2021-03/07/c_1211055137.htm;0
07-03-2021;王毅：落实“爱国者治港”，完全合宪合法，正当合理;http://www.locpg.gov.cn/jsdt/2021-03/07/c_1211055074.htm;0
06-03-2021;韩正看望港澳地区全国政协委员并参加讨论;http://www.locpg.gov.cn/jsdt/2021-03/06/c_1211054349.htm;0
05-03-2021;梁振英就全国两会开幕发表声明;http://www.locpg.gov.cn/jsdt/2021-03/05/c_1211052701.htm;0
05-03-2021;董建华就全国两会开幕发表声明;http://www.locpg.gov.cn/jsdt/2021-03/05/c_1211052699.htm;0
05-03-2021;李克强在政府工作报告中谈港澳台工作;http://www.locpg.gov.cn/jsdt/2021-03/05/c_1211052025.htm;0
04-03-2021;汪洋：坚定支持全面落实“爱国者治港”原则;http://www.locpg.gov.cn/jsdt/2021-03/04/c_1211051409.htm;0
01-03-2021;中央有关部门听取香港社会各界对完善“爱国者治港”有关制度的意见;http://www.locpg.gov.cn/jsdt/2021-03/01/c_1211046628.htm;0
22-02-2021;夏宝龙：全面落实“爱国者治港”原则 推进“一国两制”实践行稳致远;http://www.locpg.gov.cn/jsdt/2021-02/22/c_1211035496.htm;0
29-01-2021;董建华：坚持“爱国者治港”是香港长期繁荣稳定的保障;http://www.locpg.gov.cn/jsdt/2021-01/29/c_1211002001.htm;0
27-01-2021;李克强听取林郑月娥述职报告 韩正出席;http://www.locpg.gov.cn/jsdt/2021-01/27/c_1210999283.htm;0
27-01-2021;习近平听取林郑月娥述职报告;http://www.locpg.gov.cn/jsdt/2021-01/27/c_1210999102.htm;0
17-12-2020;董建华：香港定能把握契机 再创“黄金时代”;http://www.locpg.gov.cn/jsdt/2020-12/17/c_1210935494.htm;0
11-11-2020;栗战书主持十三届全国人大常委会第二十三次会议闭幕会并作讲话;http://www.locpg.gov.cn/jsdt/2020-11/11/c_1210882069.htm;0
06-11-2020;韩正会见林郑月娥;http://www.locpg.gov.cn/jsdt/2020-11/06/c_1210876095.htm;0
16-10-2020;汪洋致信祝贺香港中华总商会成立120周年;http://www.locpg.gov.cn/jsdt/2020-10/16/c_1210844433.htm;0
12-10-2020;梁振英：克服当下困难，香港未来充满希望;http://www.locpg.gov.cn/jsdt/2020-10/12/c_1210837070.htm;0
30-09-2020;董建华：在“一国两制”下团结一致推动香港重新出发;http://www.locpg.gov.cn/jsdt/2020-09/30/c_1210825054.htm;0
27-09-2020;全国政协办公厅 中共中央统战部 国务院侨办 国务院港澳办 国务院台办 中国侨联联合举行国庆招待会 汪洋致辞;http://www.locpg.gov.cn/jsdt/2020-09/27/c_1210820127.htm;0
12-08-2020;梁振英：全国人大常委会相关决定能让香港特区政府集中精力做好防疫工作;http://www.locpg.gov.cn/jsdt/2020-08/12/c_1210749088.htm;0
12-08-2020;董建华:全国人大常委会关于香港第六届立法会继续履职的决定合法合情合理;http://www.locpg.gov.cn/jsdt/2020-08/12/c_1210748631.htm;0
07-08-2020;董建华：香港国安法不会影响市民享有的合法权利和自由;http://www.locpg.gov.cn/jsdt/2020-08/07/c_1210740890.htm;0
06-08-2020;王毅：粗暴干涉香港事务才是破坏“一国两制”;http://www.locpg.gov.cn/jsdt/2020-08/06/c_1210738831.htm;0
23-07-2020;董建华：香港成就由几代人打拼而来 绝非外国恩赐;http://www.locpg.gov.cn/jsdt/2020-07/23/c_1210716128.htm;0
23-07-2020;汪洋出席“推进粤港澳大湾区创新合作”专题协商会并讲话;http://www.locpg.gov.cn/jsdt/2020-07/23/c_1210716118.htm;0
03-07-2020;王晨：推动香港国安法有效实施 坚决维护国家安全和香港长治久安;http://www.locpg.gov.cn/jsdt/2020-07/03/c_1210687702.htm;0
30-06-2020;"栗战书:维护国家安全和香港宪制法治秩序 推动""一国两制""沿正确方向前进";http://www.locpg.gov.cn/jsdt/2020-06/30/c_1210683807.htm;0
30-06-2020;中华人民共和国主席令（第四十九号）;http://www.locpg.gov.cn/jsdt/2020-06/30/c_1210683797.htm;0
30-06-2020;十三届全国人大常委会表决通过香港国安法 习近平签署主席令予以公布;http://www.locpg.gov.cn/jsdt/2020-06/30/c_1210683738.htm;0
29-06-2020;十三届全国人大常委会举行委员长会议听取有关草案审议情况汇报 栗战书主持;http://www.locpg.gov.cn/jsdt/2020-06/29/c_1210681573.htm;0
28-06-2020;十三届全国人大常委会分组审议香港特区维护国家安全法草案 栗战书参加审议;http://www.locpg.gov.cn/jsdt/2020-06/28/c_1210680652.htm;0
28-06-2020;十三届全国人大常委会第二十次会议在京举行;http://www.locpg.gov.cn/jsdt/2020-06/28/c_1210680363.htm;0
21-06-2020;夏宝龙听取梁君彦对香港特别行政区维护国家安全法草案的意见;http://www.locpg.gov.cn/jsdt/2020-06/21/c_1210671011.htm;0
20-06-2020;栗战书主持十三届全国人大常委会第十九次会议闭幕会并作讲话;http://www.locpg.gov.cn/jsdt/2020-06/20/c_1210670113.htm;0
19-06-2020;十三届全国人大常委会第十九次会议在京举行 栗战书主持;http://www.locpg.gov.cn/jsdt/2020-06/19/c_1210668021.htm;0
09-06-2020;王毅：希望英国尊重中国在香港维护国家安全的正当权利;http://www.locpg.gov.cn/jsdt/2020-06/09/c_1210652602.htm;0
03-06-2020;韩正听取香港特别行政区行政长官林郑月娥对特区维护国家安全立法问题的意见;http://www.locpg.gov.cn/jsdt/2020-06/03/c_1210645382.htm;0
29-05-2020;夏宝龙：坚定不移推动“一国两制”实践行稳致远;http://www.locpg.gov.cn/jsdt/2020-05/29/c_1210637967.htm;0
29-05-2020;李克强：确保“一国两制”行稳致远，维护香港长期繁荣稳定;http://www.locpg.gov.cn/jsdt/2020-05/29/c_1210637927.htm;0
26-05-2020;董建华：涉港国安立法只针对极少数犯下严重罪行者;http://www.locpg.gov.cn/jsdt/2020-05/26/c_1210633954.htm;0
25-05-2020;党和国家领导同志同代表委员审议讨论全国人大涉港决定草案;http://www.locpg.gov.cn/jsdt/2020-05/25/c_1210633155.htm;0
25-05-2020;全国政协领导同志分别参加全国政协十三届三次会议讨论;http://www.locpg.gov.cn/jsdt/2020-05/25/c_1210633075.htm;0
24-05-2020;韩正分别参加全国人大香港代表团、澳门代表团审议;http://www.locpg.gov.cn/jsdt/2020-05/24/c_1210632067.htm;0
24-05-2020;王毅谈中央政府推进香港国家安全立法;http://www.locpg.gov.cn/jsdt/2020-05/24/c_1210631828.htm;0
23-05-2020;韩正看望港澳地区全国政协委员并参加讨论;http://www.locpg.gov.cn/jsdt/2020-05/23/c_1210630958.htm;0
22-05-2020;王晨作关于完善香港选举制度决定草案的说明;http://www.locpg.gov.cn/jsdt/2020-05/22/c_1210629434.htm;0
22-05-2020;李克强谈港澳台工作;http://www.locpg.gov.cn/jsdt/2020-05/22/c_1210629195.htm;0
20-12-2019;习近平在庆祝澳门回归祖国20周年大会暨澳门特别行政区第五届政府就职典礼上的讲话;http://www.locpg.gov.cn/jsdt/2019-12/20/c_1211232524.htm;0
19-12-2019;习近平会见林郑月娥;http://www.locpg.gov.cn/jsdt/2019-12/19/c_1210403439.htm;0
16-12-2019;李克强会见来京述职的林郑月娥 韩正出席;http://www.locpg.gov.cn/jsdt/2019-12/16/c_1210398742.htm;0
16-12-2019;习近平会见来京述职的林郑月娥;http://www.locpg.gov.cn/jsdt/2019-12/16/c_1210398577.htm;0
09-12-2019;沈跃跃会见香港各界妇女联合协进会访京团;http://www.locpg.gov.cn/jsdt/2019-12/09/c_1210387849.htm;0
14-11-2019;HK's most pressing task to end violence, chaos and restore order: Xi;http://www.locpg.gov.cn/jsdt/2019-11/14/c_1210354541.htm;0
14-11-2019;习近平：止暴制乱 恢复秩序是香港当前最紧迫的任务;http://www.locpg.gov.cn/jsdt/2019-11/14/c_1210354539.htm;0
06-11-2019;韩正：全面准确贯彻“一国两制”方针 稳步推进粤港澳大湾区建设;http://www.locpg.gov.cn/jsdt/2019-11/06/c_1210343759.htm;0
06-11-2019;韩正会见香港特别行政区行政长官林郑月娥;http://www.locpg.gov.cn/jsdt/2019-11/06/c_1210343649.htm;0
05-11-2019;习近平会见林郑月娥;http://www.locpg.gov.cn/jsdt/2019-11/05/c_1210341226.htm;0
29-05-2019;汪洋会见中国和平统一促进会香港总会参访团;http://www.locpg.gov.cn/jsdt/2019-05/29/c_1124559623.htm;0
23-05-2019;汪洋会见香港中华总商会访京团;http://www.locpg.gov.cn/jsdt/2019-05/23/c_1210141400.htm;0
21-05-2019;韩正会见香港福建社团联会访京团;http://www.locpg.gov.cn/jsdt/2019-05/21/c_1124524791.htm;0
06-03-2019;韩正分别参加全国人大香港代表团、澳门代表团审议;http://www.locpg.gov.cn/jsdt/2019-03/06/c_1210074810.htm;0
05-03-2019;李克强谈港澳台工作;http://www.locpg.gov.cn/jsdt/2019-03/05/c_1210073588.htm;0
04-03-2019;韩正看望港澳地区全国政协委员并参加讨论;http://www.locpg.gov.cn/jsdt/2019-03/04/c_1210073105.htm;0
02-03-2019;韩正：推动粤港澳大湾区建设迈上新台阶;http://www.locpg.gov.cn/jsdt/2019-03/02/c_1210071234.htm;0
21-02-2019;以习近平同志为核心的党中央关心粤港澳大湾区建设纪实;http://www.locpg.gov.cn/jsdt/2019-02/21/c_1210064906.htm;0
17-12-2018;习近平会见来京述职的林郑月娥;http://www.locpg.gov.cn/jsdt/2018-12/17/c_1210017433.htm;0
14-12-2018;汪洋会见香港友好协进会访京团;http://www.locpg.gov.cn/jsdt/2018-12/14/c_1210016027.htm;0
21-11-2018;韩正会见香港特别行政区政府常任秘书长和部门首长内地研修访问团;http://www.locpg.gov.cn/jsdt/2018-11/21/c_129999426.htm;0
12-11-2018;习近平会见港澳庆国家改革开放40周年访问团;http://www.locpg.gov.cn/jsdt/2018-11/12/c_129992117.htm;0
30-10-2018;汪洋会见港区省级政协委员联谊会访京团;http://www.locpg.gov.cn/jsdt/2018-10/30/c_129982445.htm;0
23-10-2018;习近平宣布：港珠澳大桥正式开通;http://www.locpg.gov.cn/jsdt/2018-10/23/c_129977549.htm;0
14-09-2018;尤权会见香港会计界主要团体负责人访问团;http://www.locpg.gov.cn/jsdt/2018-09/14/c_129953465.htm;0
05-09-2018;尤权会见香港民建联访京团;http://www.locpg.gov.cn/jsdt/2018-09/05/c_129947611.htm;0
28-08-2018;韩正会见香港纪律部队文化交流团;http://www.locpg.gov.cn/jsdt/2018-08/28/c_129941591.htm;0
15-08-2018;韩正：充分发挥粤港澳综合优势 深化内地与香港澳门合作;http://www.locpg.gov.cn/jsdt/2018-08/15/c_129933612.htm;0
28-07-2018;林郑月娥向香港粤剧小演员转达习近平夫妇的亲切问候;http://www.locpg.gov.cn/jsdt/2018-07/28/c_129922193.htm;0
17-07-2018;韩正、孙春兰对田家炳先生逝世表示哀悼;http://www.locpg.gov.cn/jsdt/2018-07/17/c_129915485.htm;0
29-06-2018;韩正会见香港各界青年代表访问团并座谈;http://www.locpg.hk/zt/2018-06/29/c_129904111.htm;0
24-05-2018;韩正：以制度创新为核心推动自贸区发展 高质量高起点谋划粤港澳大湾区建设;http://www.locpg.gov.cn/jsdt/2018-05/24/c_129879453.htm;0
14-05-2018;习近平对在港两院院士来信作出重要指示强调：促进香港同内地加强科技合作;http://www.locpg.gov.cn/jsdt/2018-05/14/c_129871626.htm;0
21-03-2018;李克强：发挥粤港澳各自优势，形成互补，打造新的增长极;http://www.locpg.gov.cn/jsdt/2018-03/21/c_129833659.htm;0
13-03-2018;全国政协港澳工作 俞正声这么说;http://www.locpg.gov.cn/jsdt/2018-03/13/c_129828797.htm;1
13-03-2018;一图读懂全国人大五年港澳工作;http://www.locpg.gov.cn/jsdt/2018-03/13/c_129828761.htm;1
06-03-2018;王沪宁参加全国两会香港代表团讨论和审议;http://www.locpg.hk/jsdt/2018-03/06/c_129824203.htm;0
05-03-2018;李克强谈港澳台工作;http://www.locpg.hk/jsdt/2018-03/05/c_129823119.htm;0
05-03-2018;赵乐际看望港澳地区全国政协委员并参加讨论;http://www.locpg.hk/jsdt/2018-03/05/c_129822903.htm;0
04-03-2018;人民政协充分发挥统一战线组织作用;http://www.locpg.hk/jsdt/2018-03/04/c_129822500.htm;0
15-02-2018;习近平给香港“少年警讯”成员回信;http://www.locpg.gov.cn/jsdt/2018-02/15/c_129812869.htm;0
13-02-2018;习近平向大埔重大交通事故遇难者表示哀悼;http://www.locpg.hk/jsdt/2018-02/12/c_129811720.htm;0
11-02-2018;又有一些中央领导同志对饶宗颐逝世表示哀悼;http://www.locpg.hk/jsdt/2018-02/10/c_129810171.htm;0
11-02-2018;习近平总书记对饶宗颐先生逝世表示悼念;http://www.locpg.hk/jsdt/2018-02/08/c_129808954.htm;0
03-02-2018;"张德江：支持港澳参与和助力""一带一路""建设";http://www.locpg.hk/jsdt/2018-02/03/c_129804828.htm;0
01-01-2018;国家主席习近平发表二〇一八年新年贺词;http://www.locpg.hk/jsdt/2018-01/01/c_129780097.htm;0
16-12-2017;习近平会见来京述职的林郑月娥;http://www.locpg.hk/jsdt/2017-12/16/c_129767663.htm;0
15-12-2017;李克强会见来京述职的林郑月娥;http://www.locpg.hk/jsdt/2017-12/15/c_129767273.htm;0
03-07-2017;习近平主席视察香港特别行政区;http://www.locpg.hk/hk20/scxg/index.htm?;1
01-07-2017;圆满结束在香港的各项活动 习近平主席离开香港返回北京;http://www.locpg.hk/2017-07/01/c_129645323.htm;0
01-07-2017;习近平考察香港重要基础设施建设项目;http://www.locpg.hk/2017-07/01/c_129645322.htm;0
01-07-2017;习近平会见林郑月娥和香港特别行政区新任行政、立法、司法机构负责人;http://www.locpg.hk/2017-07/01/c_129645321.htm;0
01-07-2017;习近平出席《深化粤港澳合作 推进大湾区建设框架协议》签署仪式;http://www.locpg.hk/2017-07/01/c_129645320.htm;0
01-07-2017;习近平在庆祝香港回归祖国20周年大会暨香港特别行政区第五届政府就职典礼上的讲话（全文）;http://www.locpg.hk/2017-07/01/c_129645318.htm;0
01-07-2017;庆祝香港回归祖国20周年大会暨香港特别行政区第五届政府就职典礼隆重举行 习近平出席并发表重要讲话;http://www.locpg.hk/2017-07/01/c_129645304.htm;0
01-07-2017;习近平出席庆祝香港回归祖国20周年大会;http://www.locpg.hk/2017-07/01/c_129645248.htm;0
01-07-2017;习近平出席香港特别行政区政府欢迎晚宴并发表重要讲话;http://www.locpg.hk/2017-07/01/c_129645072.htm;0
01-07-2017;习近平在香港特别行政区政府欢迎晚宴上的致辞（全文）;http://www.locpg.hk/2017-07/01/c_129645063.htm;0
01-07-2017;庆祝香港回归祖国20周年文艺晚会在香港举行 习近平出席观看;http://www.locpg.hk/2017-07/01/c_129644925.htm;0
30-06-2017;习近平会见崔世安;http://www.locpg.hk/2017-06/30/c_129644893.htm;0
30-06-2017;习近平会见全国政协副主席董建华;http://www.locpg.hk/2017-06/30/c_129644892.htm;0
30-06-2017;习近平会见香港社会各界代表人士;http://www.locpg.hk/2017-06/30/c_129644887.htm;0
30-06-2017;习近平会见中央驻港机构和主要中资机构负责人;http://www.locpg.hk/2017-06/30/c_129644874.htm;0
30-06-2017;习近平考察香港少年警讯永久活动中心暨青少年综合训练营;http://www.locpg.gov.cn/2017-06/30/c_129644873.htm;0
30-06-2017;习近平：在新的起点上全面加强驻香港部队工作;http://www.locpg.hk/2017-06/30/c_129644850.htm;0
30-06-2017;习近平视察中国人民解放军驻香港部队;http://www.locpg.hk/2017-06/30/c_129644472.htm;0
30-06-2017;习近平：西九文化区项目将丰富香港文化内涵;http://www.locpg.hk/2017-06/29/c_129644000.htm;0
30-06-2017;习近平见梁振英和港行政立法司法机构负责人;http://www.locpg.hk/2017-06/29/c_129644005.htm;0
29-06-2017;习近平抵达香港 将出席庆祝大会并视察香港;http://www.locpg.hk/2017-06/29/c_129643756.htm;0
28-06-2017;李源潮会见香港中华厂商联合会访京团;http://www.locpg.gov.cn/jsdt/2017-06/28/c_129642793.htm;0
26-06-2017;张德江出席香港回归祖国20周年成就展开幕式;http://www.locpg.hk/2017-06/26/c_129641140.htm;0
25-05-2017;张德江会见香港中华总商会访京团;http://www.locpg.gov.cn/jsdt/2017-05/25/c_129618351.htm;0
11-04-2017;习近平会见林郑月娥;http://www.locpg.hk/jsdt/2017-04/11/c_129529686.htm;0
11-04-2017;李克强颁发任命林郑月娥的国务院令;http://www.locpg.hk/jsdt/2017-04/11/c_129529364.htm;0
31-03-2017;国务院任命林郑月娥为特区第五任行政长官;http://www.locpg.gov.cn/jsdt/2017-03/31/c_129523009.htm;0
16-03-2017;李克强：准备今年在香港和内地试行“债券通”;http://www.locpg.gov.cn/jsdt/2017-03/16/c_129510798.htm;0
07-03-2017;张德江参加十二届全国人大五次会议香港代表团审议;http://www.locpg.gov.cn/jsdt/2017-03/07/c_129503457.htm;0
06-03-2017;李克强谈港澳台工作;http://www.locpg.hk/jsdt/2017-03/06/c_129502176.htm;0
06-03-2017;张德江看望港澳地区委员并参加讨论;http://www.locpg.gov.cn/jsdt/2017-03/06/c_129502331.htm;0
23-12-2016;习近平会见来京述职的梁振英;http://www.locpg.gov.cn/jsdt/2016-12/23/c_129418053.htm;0
23-12-2016;李克强会见来京述职的梁振英;http://www.locpg.gov.cn/jsdt/2016-12/23/c_129417838.htm;0
22-12-2016;外交部长王毅会见香港特区行政长官梁振英;http://www.locpg.gov.cn/jsdt/2016-12/22/c_129415920.htm;0
21-12-2016;马凯会见香港银行公会代表团;http://www.locpg.gov.cn/jsdt/2016-12/21/c_129414321.htm;0
14-12-2016;俞正声会见香港潮州商会参访团;http://www.locpg.gov.cn/jsdt/2016-12/14/c_129404008.htm;0
30-11-2016;张德江会见香港“帮港出声”访京团;http://www.locpg.gov.cn/jsdt/2016-11/30/c_129384619.htm;0
04-10-2016;国家副主席李源潮发唁电悼念郑裕彤先生;http://www.locpg.gov.cn/jsdt/2016-10/04/c_129311047.htm;0
04-10-2016;张德江委员长发唁电悼念郑裕彤先生;http://www.locpg.gov.cn/jsdt/2016-10/04/c_129311046.htm;0
29-09-2016;杨洁篪会见香港专业及资深行政人员协会访京团;http://www.locpg.gov.cn/jsdt/2016-09/29/c_129305996.htm;0
27-07-2016;李源潮会见香港青少年制服团体访京团;http://www.locpg.gov.cn/jsdt/2016-07/27/c_129182370.htm;0
25-07-2016;李源潮：同心同根 从内心热爱我们的国家和民族;http://www.locpg.gov.cn/jsdt/2016-07/25/c_129176182.htm;0
06-07-2016;郭声琨会见香港特区政府代表团;http://www.locpg.hk/zyzc/2016-07/06/c_129120921.htm;0
29-06-2016;周强会见香港特区终审法院首席法官马道立;http://www.locpg.gov.cn/jsdt/2016-06/29/c_129100013.htm;0
19-05-2016;张德江在港出席“一带一路”高峰论坛并发表演讲;http://www.locpg.hk/jsdt/2016-05/18/c_128994152.htm;0
19-05-2016;张德江视察香港福利机构和资助房屋项目;http://www.locpg.gov.cn/jsdt/2016-05/19/c_128998154.htm;0
19-05-2016;张德江会见香港各界代表人士;http://www.locpg.gov.cn/jsdt/2016-05/19/c_128997719.htm;0
19-05-2016;张德江委员长出席“一带一路”高峰论坛并视察香港特区;http://www.locpg.hk/zt/ydylgflt/index.htm;1
18-05-2016;张德江参加香港社会各界欢迎晚宴并发表讲话;http://www.locpg.gov.cn/jsdt/2016-05/18/c_128995024.htm;0
18-05-2016;张德江视察香港科学园;http://www.locpg.gov.cn/jsdt/2016-05/18/c_128995015.htm;0
18-05-2016;张德江听取香港特区政府工作汇报;http://www.locpg.gov.cn/jsdt/2016-05/18/c_128993324.htm;0
17-05-2016;全国人大常委会委员长张德江抵达香港;http://www.locpg.gov.cn/jsdt/2016-05/17/c_128991130.htm;0
17-03-2016;李克强：力争今年开通深港通;http://www.locpg.gov.cn/jsdt/2016-03/17/c_128806686.htm;0
07-03-2016;张德江俞正声参加全国两会港澳等团组的审议;http://www.locpg.gov.cn/jsdt/2016-03/07/c_128779203.htm;0
05-03-2016;李克强政府工作报告介绍今年港澳工作方针;http://www.locpg.gov.cn/jsdt/2016-03/05/c_128775692.htm;0
04-03-2016;张德江看望港澳地区全国政协委员并参加讨论;http://www.locpg.gov.cn/jsdt/2016-03/04/c_128774759.htm;0
04-03-2016;俞正声提出全国政协在港澳台侨领域主要任务;http://www.locpg.gov.cn/jsdt/2016-03/04/c_128773321.htm;0
04-01-2016;国家主席习近平发表二〇一六年新年贺词;http://www.locpg.gov.cn/jsdt/2016-01/04/c_128594185.htm;0
24-12-2015;习近平会见来京述职的梁振英;http://www.locpg.hk/jsdt/2015-12/24/c_128562756.htm;0
24-12-2015;李克强会见来京述职的梁振英;http://www.locpg.gov.cn/jsdt/2015-12/24/c_128562746.htm;0
19-11-2015;习近平会见香港特别行政区行政长官梁振英;http://www.locpg.gov.cn/jsdt/2015-11/19/c_128445807.htm;0
03-11-2015;孙春兰会见香港义工联盟访京团;http://www.locpg.gov.cn/jsdt/2015-11/03/c_128392896.htm;0
09-10-2015;张德江会见香港纪律部队文化交流团;http://www.locpg.hk/jsdt/2015-10/09/c_128301113.htm;0
06-10-2015;孙春兰与香港部分爱国爱港人士座谈;http://www.locpg.gov.cn/jsdt/2015-10/06/c_128292491.htm;0
16-09-2015;孙春兰会见香港各界妇女联合协进会访京团;http://www.locpg.gov.cn/jsdt/2015-09/16/c_128235236.htm;0
10-08-2015;李源潮会见香港青年创新创业交流团;http://www.locpg.gov.cn/jsdt/2015-08/10/c_128111373.htm;0
24-07-2015;张德江会见香港民建联访京团;http://www.locpg.hk/jsdt/2015-07/24/c_128056802.htm;0
21-07-2015;张德江会见香港中华总商会访京团;http://www.locpg.gov.cn/jsdt/2015-07/21/c_128042978.htm;0
17-07-2015;俞正声会见港澳青年社团学习考察团;http://www.locpg.gov.cn/jsdt/2015-07/17/c_128032011.htm;0
28-04-2015;李克强会见饶宗颐先生;http://www.locpg.gov.cn/jsdt/2015-04/28/c_127742482.htm;0
21-04-2015;李源潮会见香港新界社团联会访京团;http://www.locpg.gov.cn/jsdt/2015-04/21/c_127715064.htm;0
16-03-2015;李克强：中央政府不会收紧对香港的政策;http://www.locpg.gov.cn/jsdt/2015-03/16/c_127586610.htm;0
07-03-2015;张德江参加全国两会香港代表团审议;http://www.locpg.hk/2015-03/07/c_127554128.htm;0
05-03-2015;李克强谈港澳台工作方针;http://www.locpg.gov.cn/jsdt/2015-03/05/c_127548040.htm;0
05-03-2015;张德江看望港澳地区全国政协委员并参加讨论;http://www.locpg.hk/jsdt/2015-03/05/c_127546590.htm;0
04-03-2015;俞正声在政协十二届三次会议开幕式上作报告谈及香港;http://www.locpg.gov.cn/jsdt/2015-03/04/c_127543662.htm;0
26-12-2014;李克强分别会见来京述职的梁振英和崔世安;http://www.locpg.gov.cn/jsdt/2014-12/26/c_127370197.htm;0
26-12-2014;习近平会见梁振英;http://www.locpg.gov.cn/jsdt/2014-12/26/c_127340787.htm;0
20-12-2014;习近平会见梁振英;http://www.locpg.gov.cn/jsdt/2014-12/20/c_1211232164.htm;0
28-11-2014;马凯会见香港银行公会代表团;http://www.locpg.gov.cn/jsdt/2014-11/28/c_127260565.htm;0
19-11-2014;刘奇葆会见香港商务印书馆高管访问团;http://www.locpg.gov.cn/jsdt/2014-11/19/c_127230390.htm;0
12-11-2014;习近平会见梁振英;http://www.locpg.hk/jsdt/2014-11/09/c_127194274.htm;0
01-10-2014;习近平在庆祝中华人民共和国成立65周年招待会上的讲话;http://www.locpg.hk/jsdt/2014-10/01/c_127057804.htm;0
29-09-2014;李源潮会见港澳专家学者;http://www.locpg.gov.cn/jsdt/2014-09/29/c_127055883.htm;0
25-09-2014;习近平会见香港工商界专业界访京团;http://www.locpg.hk/jsdt/2014-09/22/c_127018179.htm;0
22-09-2014;张德江会见香港新民党访京团;http://www.locpg.hk/jsdt/2014-09/19/c_127007523.htm;0
16-09-2014;张德江会见香港工会联合会访京团;http://www.locpg.gov.cn/jsdt/2014-09/16/c_126993237.htm;0
04-09-2014;李源潮会见香港中华厂商联合会访京团;http://www.locpg.hk/jsdt/2014-09/04/c_126953800.htm;0
31-08-2014;张德江出席十二届全国人大常委会第十次会议闭幕会并发表讲话;http://www.locpg.gov.cn/jsdt/2014-08/31/c_126938201.htm;0
29-07-2014;韩启德会见香港侨界社团联会青委会访问团 赞青年是希望;http://www.locpg.gov.cn/jsdt/2014-07/29/c_126811673.htm;0
17-07-2014;陈元会见香港金融服务界访京团;http://www.locpg.gov.cn/jsdt/2014-07/17/c_126766098.htm;0
23-05-2014;香港高级公务员国家事务研习课程20周年纪念大会在京举行;http://www.locpg.gov.cn/jsdt/2014-05/23/c_126541018.htm;0
23-05-2014;俞正声会见香港特区省级政协委员联谊会访京团;http://www.locpg.gov.cn/jsdt/2014-05/23/c_126538694.htm;0
07-05-2014;李源潮会见香港福建社团联会访问团;http://www.locpg.gov.cn/jsdt/2014-05/07/c_126471375.htm;0
25-04-2014;李源潮会见香港传媒高层访京团;http://www.locpg.hk/jsdt/2014-04/24/c_126430961.htm;0
25-04-2014;俞正声会见第四届两岸及香港《经济日报》财经高峰论坛代表;http://www.locpg.gov.cn/jsdt/2014-04/25/c_126433634.htm;0
14-03-2014;张德江3月6日参加香港全国人大代表团审议时的讲话主要内容;http://www.locpg.gov.cn/jsdt/2014-03/14/c_126269523.htm;0
14-03-2014;张德江3月4日在港澳地区全国政协委员联组会的讲话主要内容;http://www.locpg.gov.cn/jsdt/2014-03/14/c_126269477.htm;0
13-03-2014;李克强：相信香港会在未来全球竞争中保持竞争优势;http://www.locpg.gov.cn/jsdt/2014-03/13/c_126263958.htm;0
07-03-2014;张德江参加香港代表团审议;http://www.locpg.gov.cn/jsdt/2014-03/07/c_126233455.htm;0
05-03-2014;张德江:求稳定谋发展促和谐是港澳主流共识;http://www.locpg.hk/jsdt/2014-03/05/c_126225096.htm;0
04-03-2014;俞正声：巩固和加强海内外中华儿女大团结;http://www.locpg.gov.cn/jsdt/2014-03/04/c_126218229.htm;0
12-01-2014;习近平会见香港特区行政长官梁振英;http://www.locpg.hk/jsdt/2013-12/18/c_126014157.htm;0
10-01-2014;李源潮会见香港区议会主席访问团;http://www.locpg.gov.cn/jsdt/2014-01/10/c_118922387.htm;0
09-01-2014;国务院副总理刘延东致电慰问邵逸夫先生亲属;http://www.locpg.gov.cn/jsdt/2014-01/09/c_125980670.htm;0
19-12-2013;李克强会见香港特区行政长官梁振英;http://www.locpg.gov.cn/jsdt/2013-12/19/c_125920715.htm;0
21-11-2013;李源潮会见香港青年领袖高级访问团;http://www.locpg.hk/zyzc/2013-11/21/c_125937987.htm;0
11-10-2013;李克强同菲律宾总统阿基诺谈香港人质事件;http://www.locpg.hk/zyzc/2013-10/11/c_118817138.htm;0
11-10-2013;俞正声会见出席中华海外联谊会四届一次理事大会全体理事;http://www.locpg.hk/zyzc/2013-10/11/c_118817095.htm;1
07-10-2013;习近平在印尼巴厘岛会见香港特区行政长官梁振英;http://www.locpg.hk/zyzc/2013-10/07/c_118817136.htm;0
30-09-2013;国家副主席李源潮在北京分别会见港澳客人;http://www.locpg.hk/zyzc/2013-09/30/c_118817135.htm;0
18-09-2013;俞正声会见香港友好协进会访京团;http://www.locpg.gov.cn/jsdt/2013-09/18/c_125955888.htm;0
13-09-2013;李源潮会见香港特区政府常任秘书长国家事务研习班学员;http://www.locpg.hk/zyzc/2013-09/13/c_118817139.htm;0
10-09-2013;香港《文汇报》庆祝创刊65周年 习近平致贺信;http://www.locpg.gov.cn/jsdt/2013-09/10/c_125955844.htm;0
14-05-2013;俞正声在京会见香港中华总商会访京团;http://www.locpg.gov.cn/jsdt/2013-05/14/c_125955882.htm;0
27-04-2013;张德江会见香港经济民生联盟访京团;http://www.locpg.hk/zyzc/2013-04/27/c_118817123.htm;0
18-03-2013;李克强会见梁振英;http://www.locpg.hk/zyzc/2013-03/18/c_118817120.htm;0
18-03-2013;习近平会见梁振英;http://www.locpg.hk/zyzc/2013-03/18/c_118817083.htm;0
08-03-2013;张德江参加香港代表团审议;http://www.locpg.hk/zyzc/2013-03/08/c_118817076.htm;0
07-03-2013;俞正声看望港澳地区全国政协委员并参加联组讨论;http://www.locpg.hk/zyzc/2013-03/07/c_118817098.htm;0
21-12-2012;习近平会见梁振英 重申三个“不会变”;http://www.locpg.gov.cn/jsdt/2012-12/21/c_125955835.htm;0
27-06-2012;习近平出席庆祝香港特别行政区成立十五周年成就展开幕式并参观展览;http://www.locpg.hk/zyzc/2012-06/27/c_118817281.htm;0
18-08-2011;李克强结束访港返回北京;http://www.locpg.hk/zyzc/2011-08/18/c_118817276.htm;0
18-08-2011;李克强肯定中央驻港机构和中资企业工作卓有成效（图）;http://www.locpg.hk/zyzc/2011-08/18/c_118817289.htm;0
18-08-2011;李克强在香港大学一百周年校庆典礼上的致辞;http://www.locpg.gov.cn/jsdt/2011-08/18/c_125955854.htm;0
18-08-2011;李克强看望国学大师饶宗颐（图）;http://www.locpg.hk/zyzc/2011-08/18/c_118817295.htm;0
18-08-2011;李克强出席香港大学百年校庆典礼（图）;http://www.locpg.hk/zyzc/2011-08/18/c_118817271.htm;0
17-08-2011;李克强在特区政府欢迎晚宴上的致辞;http://www.locpg.gov.cn/jsdt/2011-08/17/c_125955853.htm;0
17-08-2011;李克强出席香港特区政府欢迎晚宴（图）;http://www.locpg.hk/zyzc/2011-08/17/c_118817310.htm;0
17-08-2011;李克强：香港有条件进一步提升在全球及亚洲的金融中心地位(图);http://www.locpg.hk/zyzc/2011-08/17/c_118817274.htm;0
17-08-2011;李克强会见香港特区行政、立法、司法机构负责人(图);http://www.locpg.hk/zyzc/2011-08/17/c_118817301.htm;0
17-08-2011;李克强在国家“十二五”规划与两地经贸金融合作发展论坛上的演讲;http://www.locpg.gov.cn/jsdt/2011-08/17/c_125955852.htm;0
17-08-2011;李克强宣布中央政府支持香港发展深化两地合作新政策（图）;http://www.locpg.hk/zyzc/2011-08/17/c_118817307.htm;0
17-08-2011;李克强出席国家“十二五”规划与两地经贸金融合作发展论坛（图）;http://www.locpg.hk/zyzc/2011-08/17/c_118817298.htm;0
16-08-2011;李克强副总理走入香港寻常百姓家（图）;http://www.locpg.hk/zyzc/2011-08/16/c_118817313.htm;0
16-08-2011;李克强深入社区亲切看望香港市民（图）;http://www.locpg.hk/zyzc/2011-08/16/c_118817235.htm;0
16-08-2011;李克强会见香港特别行政区行政长官曾荫权（图）;http://www.locpg.hk/zyzc/2011-08/16/c_118817226.htm;0
16-08-2011;李克强到香港房屋展览中心了解公屋居屋情况（图）;http://www.locpg.hk/zyzc/2011-08/16/c_118817225.htm;0
16-08-2011;国务院副总理李克强抵达香港（图）;http://www.locpg.hk/zyzc/2011-08/16/c_118817227.htm;0
15-12-2009;李克强出席港珠澳大桥工程开工活动(图);http://www.locpg.hk/zyzc/2009-12/15/c_118817209.htm;0
15-12-2009;李克强会见曾荫权、何厚铧和崔世安(图);http://www.locpg.hk/zyzc/2009-12/15/c_118817169.htm;0
07-12-2009;刘延东会见香港青团领袖及学生代表并发表讲话(图);http://www.locpg.hk/zyzc/2009-12/07/c_118817204.htm;0
06-12-2009;刘延东出席博鳌青年论坛酒会并发表演讲(图);http://www.locpg.hk/zyzc/2009-12/06/c_118817223.htm;0
06-12-2009;刘延东会见香港10所大学校长(图);http://www.locpg.hk/zyzc/2009-12/06/c_118817199.htm;0
05-12-2009;刘延东赴港出席第五届东亚运动会开幕式(图);http://www.locpg.hk/zyzc/2009-12/05/c_118817218.htm;0
08-07-2008;习近平会见参加抗震救灾工作的香港救援人员;http://www.locpg.hk/zyzc/2008-07/08/c_118817191.htm;0
07-07-2008;习近平会见香港特别行政区行政、立法、司法机关负责人;http://www.locpg.gov.cn/jsdt/2008-07/07/c_125955832.htm;0
07-07-2008;习近平出席香港特别行政区政府欢迎晚宴并发表重要讲话;http://www.locpg.hk/zyzc/2008-07/07/c_118817222.htm;0
06-07-2008;习近平听取香港特区政府关于奥运马术比赛筹办情况汇报并发表重要讲话;http://www.locpg.hk/zyzc/2008-07/06/c_118817220.htm;0
06-07-2008;习近平在香港检查北京奥运会残奥会马术比赛筹办工作;http://www.locpg.hk/zyzc/2008-07/06/c_118817215.htm;0
06-07-2008;习近平会见香港特别行政区行政长官曾荫权;http://www.locpg.hk/zyzc/2008-07/06/c_118817102.htm;0
